{
    "forge_marker": 1,
    "defaults": {
        "model": "minecraft:cube_all"
    },
    "variants": {
        "level": {
            "0": {
                "textures": { "all": "essentialcraft:blocks/corruption/chaos/0" }
            },
            "1": {
                "textures": { "all": "essentialcraft:blocks/corruption/chaos/1" }
            },
            "2": {
                "textures": { "all": "essentialcraft:blocks/corruption/chaos/2" }
            },
            "3": {
                "textures": { "all": "essentialcraft:blocks/corruption/chaos/3" }
            },
            "4": {
                "textures": { "all": "essentialcraft:blocks/corruption/chaos/4" }
            },
            "5": {
                "textures": { "all": "essentialcraft:blocks/corruption/chaos/5" }
            },
            "6": {
                "textures": { "all": "essentialcraft:blocks/corruption/chaos/6" }
            },
            "7": {
                "textures": { "all": "essentialcraft:blocks/corruption/chaos/7" }
            }
        }
    }
}