{
    "forge_marker": 1,
    "defaults": {
        "model": "essentialcraft:chest"
    },
    "variants": {
        "type": {
            "magical": {
                "textures": {
                    "particle": "essentialcraft:blocks/magicplatingblock",
                    "chest": "essentialcraft:blocks/chests/magical"
                }
            },
            "void": {
                "textures": {
                    "particle": "essentialcraft:blocks/voidstone",
                    "chest": "essentialcraft:blocks/chests/void"
                }
            }
        }
    }
}