{
    "forge_marker": 1,
    "defaults": {
        "model": "minecraft:cube_all"
    },
    "variants": {
        "type": {
            "replanter": {
                "textures": { "all": "essentialcraft:blocks/replanter" }
            },
            "item_shuffler": {
                "textures": { "all": "essentialcraft:blocks/itemshuffler" }
            },
            "crafter": {
                "textures": { "all": "essentialcraft:blocks/crafter" }
            },
            "breeder": {
                "textures": { "all": "essentialcraft:blocks/breeder" }
            },
            "creative_mru_storage": {
                "textures": { "all": "essentialcraft:blocks/creativemrustorage" }
            },
            "shearing_station": {
                "textures": { "all": "essentialcraft:blocks/shearingstation" }
            },
            "child_separator": {
                "textures": { "all": "essentialcraft:blocks/childseparator" }
            },
            "adult_separator": {
                "textures": { "all": "essentialcraft:blocks/adultseparator" }
            },
            "creative_espe_storage": {
                "textures": { "all": "essentialcraft:blocks/creativeespestorage" }
            }
        }
    }
}