{
    "forge_marker": 1,
    "defaults": {
        "model": "minecraft:fence_post",
        "textures": {
            "texture": "essentialcraft:blocks/fortifiedstone"
        }
    },
    "variants": {
        "north": {
            "true": {
                "submodel": {
                    "side0": {
                        "model": "minecraft:fence_side"
                    }
                }
            },
            "false": {}
        },
        "south": {
            "true": {
                "submodel": {
                    "side1": {
                        "model": "minecraft:fence_side",
                        "uvlock": true,
                        "y": 180
                    }
                }
            },
            "false": {}
        },
        "west": {
            "true": {
                "submodel": {
                    "side2": {
                        "model": "minecraft:fence_side",
                        "uvlock": true,
                        "y": -90
                    }
                }
            },
            "false": {}
        },
        "east": {
            "true": {
                "submodel": {
                    "side3": {
                        "model": "minecraft:fence_side",
                        "uvlock": true,
                        "y": 90
                    }
                }
            },
            "false": {}
        },
        "inventory": [{
            "model": "minecraft:fence_inventory"
        }]
    }
}