{
    "forge_marker": 1,
    "defaults": {
        "model": "minecraft:cube_all"
    },
    "variants": {
        "level": {
            "0": {
                "textures": { "all": "essentialcraft:blocks/corruption/frozen/0" }
            },
            "1": {
                "textures": { "all": "essentialcraft:blocks/corruption/frozen/1" }
            },
            "2": {
                "textures": { "all": "essentialcraft:blocks/corruption/frozen/2" }
            },
            "3": {
                "textures": { "all": "essentialcraft:blocks/corruption/frozen/3" }
            },
            "4": {
                "textures": { "all": "essentialcraft:blocks/corruption/frozen/4" }
            },
            "5": {
                "textures": { "all": "essentialcraft:blocks/corruption/frozen/5" }
            },
            "6": {
                "textures": { "all": "essentialcraft:blocks/corruption/frozen/6" }
            },
            "7": {
                "textures": { "all": "essentialcraft:blocks/corruption/frozen/7" }
            }
        }
    }
}