{
    "forge_marker": 1,
    "defaults": {
        "model": "minecraft:orientable",
        "uvlock": true
    },
    "variants": {
        "facing": {
            "north": {},
            "south": { "y": 180 },
            "west": { "y": -90 },
            "east": { "y": 90 }
        },
        "type": {
            "fortified": {
                "textures": {
                    "top": "essentialcraft:blocks/fortifiedstone",
                    "side": "essentialcraft:blocks/fortifiedstone",
                    "front": "essentialcraft:blocks/furnace_fortified"
                }
            },
            "magic": {
                "textures": {
                    "top": "essentialcraft:blocks/magicplatingblock",
                    "side": "essentialcraft:blocks/magicplatingblock",
                    "front": "essentialcraft:blocks/furnace_magic"
                }
            },
            "pale": {
                "textures": {
                    "top": "essentialcraft:blocks/paleplatingblock",
                    "side": "essentialcraft:blocks/paleplatingblock",
                    "front": "essentialcraft:blocks/furnace_pale"
                }
            },
            "void": {
                "textures": {
                    "top": "essentialcraft:blocks/voidstone",
                    "side": "essentialcraft:blocks/voidstone",
                    "front": "essentialcraft:blocks/furnace_void"
                }
            }
        }
    }
}