{
    "forge_marker": 1,
    "defaults": {
        "textures": {
            "base": "essentialcraft:blocks/mimnode_ejection"
        },
        "model": "essentialcraft:mimaccessor",
        "uvlock": true
    },
    "variants": {
        "facing": {
            "north": {},
            "south": { "y": 180 },
            "west": { "y": -90 },
            "east": { "y": 90 },
            "down": { "x": 90 },
            "up": { "x": -90 }
        },
        "inventory": [{ "x": 90 }]
    }
}