{
    "forge_marker": 1,
    "defaults": {
        "textures": {
            "top": "essentialcraft:blocks/miminventoryhandler_tb",
            "side": "essentialcraft:blocks/miminventoryhandler_tb",
            "front": "essentialcraft:blocks/mimscreen"
        },
        "model": "minecraft:orientable",
        "uvlock": true
    },
    "variants": {
        "facing": {
            "north": {},
            "south": { "y": 180 },
            "west": { "y": -90 },
            "east": { "y": 90 },
            "down": { "x": 90 },
            "up": { "x": -90 }
        },
        "inventory": [{}]
    }
}