{
    "forge_marker": 1,
    "defaults": {
        "model": "essentialcraft:item"
    },
    "variants": {
        "type": {
            "mithriline": {
                "textures": {
                    "layer0": "essentialcraft:blocks/icons/mithrilinecrystal"
                }
            },
            "pale": {
                "textures": {
                    "layer0": "essentialcraft:blocks/icons/palecrystal"
                }
            },
            "void": {
                "textures": {
                    "layer0": "essentialcraft:blocks/icons/voidcrystal"
                }
            },
            "demonic": {
                "textures": {
                    "layer0": "essentialcraft:blocks/icons/demoniccrystal"
                }
            },
            "shade": {
                "textures": {
                    "layer0": "essentialcraft:blocks/icons/shadecrystal"
                }
            }
        }
    }
}