{
    "forge_marker": 1,
    "defaults": {
        "model": "minecraft:block"
    },
    "variants": {
        "type": {
            "mithriline": {
                "textures": {
                    "particle": "essentialcraft:blocks/invertedplatingblock"
                }
            },
            "pale": {
                "textures": {
                    "particle": "essentialcraft:blocks/paleplatingblock"
                }
            },
            "void": {
                "textures": {
                    "particle": "essentialcraft:blocks/voidstone"
                }
            },
            "demonic": {
                "textures": {
                    "particle": "essentialcraft:blocks/demonicplatingblock"
                }
            },
            "shade": {
                "textures": {
                    "particle": "essentialcraft:blocks/corruption/shade/7"
                }
            }
        }
    }
}