{
    "forge_marker": 1,
    "defaults": {
        "model": "essentialcraft:overlayed",
        "textures": { "in": "essentialcraft:blocks/mithriline" }
    },
    "variants": {
        "dimension": {
            "overworld": {
                "textures": { "out": "essentialcraft:blocks/elemental_base" }
            },
            "nether": {
                "textures": { "out": "essentialcraft:blocks/elemental_nether" }
            },
            "end": {
                "textures": { "out": "essentialcraft:blocks/elemental_end" }
            }
        }
    }
}