{
    "forge_marker": 1,
    "variants": {
        "layer": {
            "top": {
                "model": "minecraft:cube_all",
                "textures": { "all": "essentialcraft:blocks/magicplatingblock" }
            },
            "middle": {
                "model": "essentialcraft:reactorsupportmiddle"
            },
            "bottom": {
                "model": "essentialcraft:reactorsupportbottom"
            }
        },
        "north": {
            "true": {
                "submodel": {
                    "bars0": {
                        "model": "essentialcraft:reactorsupportbars"
                    }
                }
            },
            "false": {}
        },
        "south": {
            "true": {
                "submodel": {
                    "bars1": {
                        "model": "essentialcraft:reactorsupportbars",
                        "y": 180,
                        "uvlock": true
                    }
                }
            },
            "false": {}
        },
        "west": {
            "true": {
                "submodel": {
                    "bars2": {
                        "model": "essentialcraft:reactorsupportbars",
                        "y": -90,
                        "uvlock": true
                    }
                }
            },
            "false": {}
        },
        "east": {
            "true": {
                "submodel": {
                    "bars3": {
                        "model": "essentialcraft:reactorsupportbars",
                        "y": 90,
                        "uvlock": true
                    }
                }
            },
            "false": {}
        },
        "inventory": [{
            "model": "essentialcraft:reactorsupportmiddle"
        }]
    }
}