{
    "forge_marker": 1,
    "defaults": {
        "textures": {
            "top": "essentialcraft:blocks/fortifiedstone",
            "side": "essentialcraft:blocks/fortifiedstone"
        },
        "model": "minecraft:orientable",
        "uvlock": true
    },
    "variants": {
        "facing": {
            "north": {},
            "south": { "y": 180 },
            "west": { "y": -90 },
            "east": { "y": 90 },
            "down": { "x": 90 },
            "up": { "x": -90 }
        },
        "type": {
            "normal": {
                "textures": { "front": "essentialcraft:blocks/rightclicker" }
            },
            "normal_sneaky": {
                "textures": { "front": "essentialcraft:blocks/rightclicker_sneaky" }
            },
            "extended": {
                "textures": { "front": "essentialcraft:blocks/rightclickerextended" }
            },
            "extended_sneaky": {
                "textures": { "front": "essentialcraft:blocks/rightclickerextended_sneaky" }
            },
            "advanced": {
                "textures": { "front": "essentialcraft:blocks/rightclickerextendedadvanced" }
            },
            "advanced_sneaky": {
                "textures": { "front": "essentialcraft:blocks/rightclickerextendedadvanced_sneaky" }
            }
        }
    }
}