{
    "forge_marker": 1,
    "defaults": {
        "model": "essentialcraft:cube_colored",
        "textures": {
            "down": "essentialcraft:blocks/voidglass_ct",
            "up": "essentialcraft:blocks/voidglass_ct",
            "north": "essentialcraft:blocks/voidglass_ct",
            "south": "essentialcraft:blocks/voidglass_ct",
            "west": "essentialcraft:blocks/voidglass_ct",
            "east": "essentialcraft:blocks/voidglass_ct",
            "particle": "essentialcraft:blocks/voidglass_ct"
        }
    },
    "variants": {
        "normal": [{}],
        "inventory": [{}]
    }
}