{
    "type": "forge:ore_shaped",
    "group": "essentialcraft:block_breaker",
    "pattern": [
        " R ",
        "RBR",
        " C "
    ],
    "key": {
        "B": {
            "item": "essentialcraft:blockbreaker",
            "data": 0
        },
        "C": {
            "type": "forge:ore_dict",
            "ore": "chestWood"
        },
        "R": {
            "type": "forge:ore_dict",
            "ore": "dustRedstone"
        }
    },
    "result": {
        "item": "essentialcraft:advbreaker",
        "count": 1,
        "data": 0
    }
}