{
    "type": "forge:ore_shaped",
    "group": "essentialcraft:blazing_upgrade",
    "pattern": [
        "APA",
        "PCP",
        "APA"
    ],
    "key": {
        "A": {
            "type": "forge:ore_dict",
            "ore": "alloysMagical"
        },
        "P": {
            "item": "essentialcraft:genitem",
            "data": 79
        },
        "C": {
            "item": "minecraft:lava_bucket",
            "data": 0
        }
    },
    "result": {
        "item": "essentialcraft:genitem",
        "count": 1,
        "data": 77
    }
}