{
    "type": "forge:ore_shaped",
    "group": "essentialcraft:block_pale",
    "pattern": [
        "ISI",
        "SES",
        "ISI"
    ],
    "key": {
        "I": {
            "type": "forge:ore_dict",
            "ore": "ingotPale"
        },
        "S": {
            "type": "forge:ore_dict",
            "ore": "blockLapis"
        },
        "E": {
            "type": "forge:ore_dict",
            "ore": "pearlPale"
        }
    },
    "result": {
        "item": "essentialcraft:blockpale",
        "count": 1,
        "data": 0
    }
}