{
    "type": "forge:ore_shaped",
    "group": "essentialcraft:charm_magma",
    "pattern": [
        "SGS",
        "FRE",
        "@G@"
    ],
    "key": {
        "F": {
            "type": "forge:ore_dict",
            "ore": "focusFire"
        },
        "E": {
            "type": "forge:ore_dict",
            "ore": "focusEarth"
        },
        "S": {
            "type": "forge:ore_dict",
            "ore": "string"
        },
        "G": {
            "type": "forge:ore_dict",
            "ore": "ingotGoldMagical"
        },
        "R": {
            "type": "forge:ore_dict",
            "ore": "redSoulMatter"
        },
        "@": {
            "type": "forge:ore_dict",
            "ore": "waterMagic"
        }
    },
    "result": {
        "item": "essentialcraft:charm",
        "count": 1,
        "data": 5
    }
}