{
    "type": "forge:ore_shaped",
    "group": "essentialcraft:charging_chamber",
    "pattern": [
        "CMF",
        "SRX",
        "PLP"
    ],
    "key": {
        "F": {
            "type": "forge:ore_dict",
            "ore": "frameMagic"
        },
        "S": {
            "type": "forge:ore_dict",
            "ore": "screenMagic"
        },
        "M": {
            "type": "forge:ore_dict",
            "ore": "mruCatcher"
        },
        "C": {
            "type": "forge:ore_dict",
            "ore": "coreMagic"
        },
        "X": {
            "type": "forge:ore_dict",
            "ore": "conversionMatrix"
        },
        "P": {
            "type": "forge:ore_dict",
            "ore": "plateMagic"
        },
        "L": {
            "type": "forge:ore_dict",
            "ore": "mruLink"
        },
        "R": {
            "type": "forge:ore_dict",
            "ore": "redSoulMatter"
        }
    },
    "result": {
        "item": "essentialcraft:chargingchamber",
        "count": 1,
        "data": 0
    }
}