{
    "type": "forge:ore_shaped",
    "group": "essentialcraft:child_separator",
    "pattern": [
        "#@#",
        "#R#",
        "###"
    ],
    "key": {
        "#": {
            "type": "forge:ore_dict",
            "ore": "stoneFortified"
        },
        "R": {
            "type": "forge:ore_dict",
            "ore": "dustRedstone"
        },
        "@": {
            "item": "minecraft:golden_apple",
            "data": 0
        }
    },
    "result": {
        "item": "essentialcraft:device",
        "count": 1,
        "data": 6
    }
}