{
    "type": "forge:ore_shaped",
    "group": "essentialcraft:cold_stone",
    "pattern": [
        "ISI",
        "SGS",
        "ISI"
    ],
    "key": {
        "I": {
            "item": "minecraft:ice",
            "data": 0
        },
        "S": {
            "item": "minecraft:snow",
            "data": 0
        },
        "G": {
            "type": "forge:ore_dict",
            "ore": "glowstone"
        }
    },
    "result": {
        "item": "essentialcraft:coldstone",
        "count": 1,
        "data": 0
    }
}