{
    "type": "forge:ore_shapeless",
    "group": "essentialcraft:compressed_mithriline",
    "ingredients": [
        {
            "type": "forge:ore_dict",
            "ore": "dustMithriline"
        },
        {
            "type": "forge:ore_dict",
            "ore": "dustMithriline"
        },
        {
            "type": "forge:ore_dict",
            "ore": "dustMithriline"
        },
        {
            "type": "forge:ore_dict",
            "ore": "dustMithriline"
        },
        {
            "type": "forge:ore_dict",
            "ore": "dustMithriline"
        },
        {
            "type": "forge:ore_dict",
            "ore": "dustMithriline"
        },
        {
            "type": "forge:ore_dict",
            "ore": "dustMithriline"
        },
        {
            "type": "forge:ore_dict",
            "ore": "dustMithriline"
        },
        {
            "type": "forge:ore_dict",
            "ore": "dustMithriline"
        }
    ],
    "result": {
        "item": "essentialcraft:compressed",
        "count": 1,
        "data": 5
    }
}