{
    "type": "forge:ore_shaped",
    "group": "essentialcraft:computer_leggings",
    "pattern": [
        "FRF",
        "TCT",
        "ESE"
    ],
    "key": {
        "R": {
            "item": "essentialcraft:genitem",
            "data": 61
        },
        "S": {
            "item": "essentialcraft:genitem",
            "data": 60
        },
        "F": {
            "item": "essentialcraft:genitem",
            "data": 58
        },
        "C": {
            "item": "essentialcraft:genitem",
            "data": 57
        },
        "E": {
            "item": "essentialcraft:genitem",
            "data": 59
        },
        "T": {
            "item": "essentialcraft:genitem",
            "data": 62
        }
    },
    "result": {
        "item": "essentialcraft:computer_leggings",
        "count": 1,
        "data": 0
    }
}