{
    "type": "forge:ore_shaped",
    "group": "essentialcraft:computer_boots",
    "pattern": [
        "FSF",
        "ECE",
        "SFS"
    ],
    "key": {
        "S": {
            "item": "essentialcraft:genitem",
            "data": 60
        },
        "F": {
            "item": "essentialcraft:genitem",
            "data": 58
        },
        "C": {
            "item": "essentialcraft:genitem",
            "data": 57
        },
        "E": {
            "item": "essentialcraft:genitem",
            "data": 59
        }
    },
    "result": {
        "item": "essentialcraft:computer_boots",
        "count": 1,
        "data": 0
    }
}