{
    "type": "forge:ore_shaped",
    "group": "essentialcraft:computer_helmet",
    "pattern": [
        "FCF",
        "SLS",
        "EOE"
    ],
    "key": {
        "F": {
            "item": "essentialcraft:genitem",
            "data": 58
        },
        "C": {
            "item": "essentialcraft:genitem",
            "data": 57
        },
        "S": {
            "item": "essentialcraft:genitem",
            "data": 64
        },
        "L": {
            "item": "essentialcraft:genitem",
            "data": 63
        },
        "E": {
            "item": "essentialcraft:genitem",
            "data": 59
        },
        "O": {
            "item": "essentialcraft:genitem",
            "data": 60
        }
    },
    "result": {
        "item": "essentialcraft:computer_helmet",
        "count": 1,
        "data": 0
    }
}