{
    "type": "forge:ore_shaped",
    "group": "essentialcraft:control_rod",
    "pattern": [
        "DII",
        " CI",
        "I D"
    ],
    "key": {
        "I": {
            "type": "forge:ore_dict",
            "ore": "ingotIron"
        },
        "C": {
            "type": "forge:ore_dict",
            "ore": "coreMagic"
        },
        "D": {
            "type": "forge:ore_dict",
            "ore": "waterMagic"
        }
    },
    "result": {
        "item": "essentialcraft:controlrod",
        "count": 1,
        "data": 0
    }
}