{
    "type": "forge:ore_shaped",
    "group": "essentialcraft:crafter",
    "pattern": [
        "#@#",
        "#R#",
        "#@#"
    ],
    "key": {
        "#": {
            "type": "forge:ore_dict",
            "ore": "stoneFortified"
        },
        "R": {
            "type": "forge:ore_dict",
            "ore": "dustRedstone"
        },
        "@": {
            "type": "forge:ore_dict",
            "ore": "workbench"
        }
    },
    "result": {
        "item": "essentialcraft:device",
        "count": 1,
        "data": 2
    }
}