{
    "type": "forge:ore_shaped",
    "group": "essentialcraft:crystal_extractor",
    "pattern": [
        "SDA",
        "XCX",
        "FDF"
    ],
    "key": {
        "F": {
            "type": "forge:ore_dict",
            "ore": "plateObsidian"
        },
        "S": {
            "type": "forge:ore_dict",
            "ore": "screenMagic"
        },
        "A": {
            "type": "forge:ore_dict",
            "ore": "alloysMagical"
        },
        "C": {
            "type": "forge:ore_dict",
            "ore": "coreMagic"
        },
        "X": {
            "type": "forge:ore_dict",
            "ore": "conversionMatrix"
        },
        "D": {
            "type": "forge:ore_dict",
            "ore": "dustCrystal"
        }
    },
    "result": {
        "item": "essentialcraft:crystalextractor",
        "count": 1,
        "data": 0
    }
}