{
    "type": "forge:ore_shaped",
    "group": "essentialcraft:crystal_lamp_fire",
    "pattern": [
        "MPM",
        "PEP",
        "MPM"
    ],
    "key": {
        "M": {
            "type": "forge:ore_dict",
            "ore": "cobblestone"
        },
        "E": {
            "type": "forge:ore_dict",
            "ore": "torch"
        },
        "P": {
            "type": "forge:ore_dict",
            "ore": "gemFireElemental"
        }
    },
    "result": {
        "item": "essentialcraft:crystallamp",
        "count": 1,
        "data": 0
    }
}