{
    "type": "forge:ore_shaped",
    "group": "essentialcraft:crystal_controller",
    "pattern": [
        "SMP",
        "DCD",
        "FXF"
    ],
    "key": {
        "F": {
            "type": "forge:ore_dict",
            "ore": "plateFortified"
        },
        "S": {
            "type": "forge:ore_dict",
            "ore": "screenMagic"
        },
        "M": {
            "type": "forge:ore_dict",
            "ore": "mruCatcher"
        },
        "C": {
            "type": "forge:ore_dict",
            "ore": "coreMagic"
        },
        "X": {
            "type": "forge:ore_dict",
            "ore": "conversionMatrix"
        },
        "P": {
            "type": "forge:ore_dict",
            "ore": "plateMagic"
        },
        "D": {
            "type": "forge:ore_dict",
            "ore": "dustCrystal"
        }
    },
    "result": {
        "item": "essentialcraft:crystalcontroller",
        "count": 1,
        "data": 0
    }
}