{
    "type": "forge:ore_shaped",
    "group": "essentialcraft:darkness_obelisk",
    "pattern": [
        "PRP",
        "PEP",
        "PRP"
    ],
    "key": {
        "R": {
            "type": "forge:ore_dict",
            "ore": "reactorVoid"
        },
        "P": {
            "type": "forge:ore_dict",
            "ore": "plateMagic"
        },
        "E": {
            "type": "forge:ore_dict",
            "ore": "matterOfEternity"
        }
    },
    "result": {
        "item": "essentialcraft:darknessobelisk",
        "count": 1,
        "data": 0
    }
}