{
    "type": "forge:ore_shaped",
    "group": "essentialcraft:demonic_crystal",
    "pattern": [
        "IGI",
        "ICI",
        "IGI"
    ],
    "key": {
        "I": {
            "type": "forge:ore_dict",
            "ore": "ingotDemonic"
        },
        "G": {
            "type": "forge:ore_dict",
            "ore": "coreDemonic"
        },
        "C": {
            "item": "essentialcraft:mithrilinecrystal",
            "data": 6
        }
    },
    "result": {
        "item": "essentialcraft:mithrilinecrystal",
        "count": 1,
        "data": 9
    }
}