{
    "type": "forge:ore_shaped",
    "group": "essentialcraft:demonic_core",
    "pattern": [
        "ISI",
        "SES",
        "ISI"
    ],
    "key": {
        "I": {
            "type": "forge:ore_dict",
            "ore": "plateDemonic"
        },
        "S": {
            "type": "forge:ore_dict",
            "ore": "gemElemental"
        },
        "E": {
            "type": "forge:ore_dict",
            "ore": "gemResonant"
        }
    },
    "result": {
        "item": "essentialcraft:genitem",
        "count": 1,
        "data": 53
    }
}