{
    "type": "forge:ore_shaped",
    "group": "essentialcraft:efficiency_upgrade",
    "pattern": [
        "APA",
        "PCP",
        "APA"
    ],
    "key": {
        "A": {
            "type": "forge:ore_dict",
            "ore": "alloysMagical"
        },
        "P": {
            "type": "forge:ore_dict",
            "ore": "plateRedstone"
        },
        "C": {
            "item": "minecraft:cake",
            "data": 0
        }
    },
    "result": {
        "item": "essentialcraft:genitem",
        "count": 3,
        "data": 18
    }
}