{
    "type": "forge:ore_shaped",
    "group": "essentialcraft:emerald_heart",
    "pattern": [
        "EGE",
        "BMB",
        "WAW"
    ],
    "key": {
        "M": {
            "type": "forge:ore_dict",
            "ore": "redSoulMatter"
        },
        "G": {
            "type": "forge:ore_dict",
            "ore": "gemEmerald"
        },
        "W": {
            "type": "forge:ore_dict",
            "ore": "focusWater"
        },
        "E": {
            "type": "forge:ore_dict",
            "ore": "focusEarth"
        },
        "A": {
            "item": "minecraft:apple",
            "data": 0
        },
        "B": {
            "type": "forge:ore_dict",
            "ore": "waterMagic"
        }
    },
    "result": {
        "item": "essentialcraft:emeraldheart",
        "count": 1,
        "data": 0
    }
}