{
    "type": "forge:ore_shaped",
    "group": "essentialcraft:ender_generator",
    "pattern": [
        "FSM",
        "XCX",
        "PIE"
    ],
    "key": {
        "S": {
            "type": "forge:ore_dict",
            "ore": "screenMagic"
        },
        "M": {
            "type": "forge:ore_dict",
            "ore": "mruCatcher"
        },
        "C": {
            "type": "forge:ore_dict",
            "ore": "coreMagic"
        },
        "X": {
            "type": "forge:ore_dict",
            "ore": "conversionMatrix"
        },
        "E": {
            "type": "forge:ore_dict",
            "ore": "plateEnder"
        },
        "I": {
            "type": "forge:ore_dict",
            "ore": "worldInteractor"
        },
        "F": {
            "type": "forge:ore_dict",
            "ore": "frameMagic"
        },
        "P": {
            "type": "forge:ore_dict",
            "ore": "plateMagic"
        }
    },
    "result": {
        "item": "essentialcraft:endergenerator",
        "count": 1,
        "data": 0
    }
}