{
    "type": "forge:ore_shaped",
    "group": "essentialcraft:eye_of_absorption",
    "pattern": [
        "ISI",
        "SES",
        "ISI"
    ],
    "key": {
        "I": {
            "type": "forge:ore_dict",
            "ore": "ingotIron"
        },
        "S": {
            "type": "forge:ore_dict",
            "ore": "gemElemental"
        },
        "E": {
            "type": "forge:ore_dict",
            "ore": "essentialcraft:gemEnderPearl"
        }
    },
    "result": {
        "item": "essentialcraft:genitem",
        "count": 1,
        "data": 23
    }
}