{
    "type": "forge:ore_shaped",
    "group": "essentialcraft:fire_focus",
    "pattern": [
        "GIG",
        "IEI",
        "GIG"
    ],
    "key": {
        "E": {
            "item": "essentialcraft:elementalfuel",
            "data": 0
        },
        "G": {
            "type": "forge:ore_dict",
            "ore": "essentialcraft:ingotGold"
        },
        "I": {
            "type": "forge:ore_dict",
            "ore": "ingotIron"
        }
    },
    "result": {
        "item": "essentialcraft:ffocus",
        "count": 1,
        "data": 0
    }
}