{
    "type": "forge:ore_shaped",
    "group": "essentialcraft:force_field_generator",
    "pattern": [
        "#@#",
        "@C@",
        "#@#"
    ],
    "key": {
        "#": {
            "item": "essentialcraft:genitem",
            "data": 68
        },
        "@": {
            "item": "essentialcraft:genitem",
            "data": 65
        },
        "C": {
            "type": "forge:ore_dict",
            "ore": "matterOfEternity"
        }
    },
    "result": {
        "item": "essentialcraft:genitem",
        "count": 1,
        "data": 57
    }
}