{
    "type": "forge:ore_shaped",
    "group": "essentialcraft:force_emitter",
    "pattern": [
        "#@#",
        "@C@",
        "#@#"
    ],
    "key": {
        "#": {
            "type": "forge:ore_dict",
            "ore": "plateDemonic"
        },
        "@": {
            "type": "forge:ore_dict",
            "ore": "gemFading"
        },
        "C": {
            "type": "forge:ore_dict",
            "ore": "gemWind"
        }
    },
    "result": {
        "item": "essentialcraft:genitem",
        "count": 1,
        "data": 68
    }
}