{
    "type": "forge:ore_shaped",
    "group": "essentialcraft:force_field_generator",
    "pattern": [
        "#@#",
        "@C@",
        "#@#"
    ],
    "key": {
        "#": {
            "item": "essentialcraft:genitem",
            "data": 66
        },
        "@": {
            "item": "essentialcraft:genitem",
            "data": 67
        },
        "C": {
            "item": "essentialcraft:genitem",
            "data": 65
        }
    },
    "result": {
        "item": "essentialcraft:genitem",
        "count": 1,
        "data": 58
    }
}