{
    "type": "forge:ore_shaped",
    "group": "essentialcraft:fortune_upgrade",
    "pattern": [
        "APA",
        "PCP",
        "APA"
    ],
    "key": {
        "A": {
            "type": "forge:ore_dict",
            "ore": "alloysMagical"
        },
        "P": {
            "type": "forge:ore_dict",
            "ore": "platePale"
        },
        "C": {
            "type": "forge:ore_dict",
            "ore": "gemPale"
        }
    },
    "result": {
        "item": "essentialcraft:genitem",
        "count": 3,
        "data": 78
    }
}