{
    "type": "forge:ore_shaped",
    "group": "essentialcraft:furnace_magic_fortified",
    "pattern": [
        "III",
        "IEI",
        "III"
    ],
    "key": {
        "I": {
            "type": "forge:ore_dict",
            "ore": "plateFortified"
        },
        "E": {
            "type": "forge:ore_dict",
            "ore": "rodHeat"
        }
    },
    "result": {
        "item": "essentialcraft:furnacemagic",
        "count": 1,
        "data": 0
    }
}