{
    "type": "forge:ore_shaped",
    "group": "essentialcraft:holopad",
    "pattern": [
        "TVT",
        "TET",
        "THT"
    ],
    "key": {
        "T": {
            "type": "forge:ore_dict",
            "ore": "gemTitaniteTwinkling"
        },
        "V": {
            "type": "forge:ore_dict",
            "ore": "coreVoid"
        },
        "E": {
            "item": "essentialcraft:genitem",
            "data": 59
        },
        "H": {
            "type": "forge:ore_dict",
            "ore": "matterOfEternity"
        }
    },
    "result": {
        "item": "essentialcraft:holopad",
        "count": 1,
        "data": 0
    }
}