{
    "type": "forge:ore_shaped",
    "group": "essentialcraft:inventory_upgrade",
    "pattern": [
        "APA",
        "ECE",
        "APA"
    ],
    "key": {
        "A": {
            "type": "forge:ore_dict",
            "ore": "alloysMagical"
        },
        "P": {
            "type": "forge:ore_dict",
            "ore": "plateGlass"
        },
        "E": {
            "type": "forge:ore_dict",
            "ore": "plateEnder"
        },
        "C": {
            "type": "forge:ore_dict",
            "ore": "chestWood"
        }
    },
    "result": {
        "item": "essentialcraft:genitem",
        "count": 1,
        "data": 17
    }
}