{
    "type": "forge:ore_shaped",
    "group": "essentialcraft:logic_core",
    "pattern": [
        "#R#",
        "LQL",
        "#R#"
    ],
    "key": {
        "#": {
            "type": "forge:ore_dict",
            "ore": "plateDemonic"
        },
        "R": {
            "type": "forge:ore_dict",
            "ore": "dustRedstone"
        },
        "L": {
            "type": "forge:ore_dict",
            "ore": "gemLapis"
        },
        "Q": {
            "type": "forge:ore_dict",
            "ore": "gemQuartz"
        }
    },
    "result": {
        "item": "essentialcraft:genitem",
        "count": 1,
        "data": 69
    }
}