{
    "type": "forge:ore_shaped",
    "group": "essentialcraft:magical_wings",
    "pattern": [
        "PAA",
        "PFF",
        "MFF"
    ],
    "key": {
        "M": {
            "type": "forge:ore_dict",
            "ore": "redSoulMatter"
        },
        "F": {
            "type": "forge:ore_dict",
            "ore": "feather"
        },
        "A": {
            "type": "forge:ore_dict",
            "ore": "focusAir"
        },
        "P": {
            "type": "forge:ore_dict",
            "ore": "plateMagic"
        }
    },
    "result": {
        "item": "essentialcraft:magicalwings",
        "count": 1,
        "data": 0
    }
}