{
    "type": "forge:ore_shaped",
    "group": "essentialcraft:magical_digger",
    "pattern": [
        "TEM",
        "FAE",
        "PFT"
    ],
    "key": {
        "M": {
            "type": "forge:ore_dict",
            "ore": "redSoulMatter"
        },
        "F": {
            "type": "forge:ore_dict",
            "ore": "focusFire"
        },
        "E": {
            "type": "forge:ore_dict",
            "ore": "focusEarth"
        },
        "A": {
            "item": "essentialcraft:elemental_pick",
            "data": 0
        },
        "T": {
            "item": "minecraft:tnt",
            "data": 0
        },
        "P": {
            "type": "forge:ore_dict",
            "ore": "plateMagic"
        }
    },
    "result": {
        "item": "essentialcraft:magicaldigger",
        "count": 1,
        "data": 0
    }
}