{
    "type": "forge:ore_shaped",
    "group": "essentialcraft:magic_water_bottle",
    "pattern": [
        "ABE",
        "PMP",
        "WBW"
    ],
    "key": {
        "M": {
            "type": "forge:ore_dict",
            "ore": "redSoulMatter"
        },
        "W": {
            "type": "forge:ore_dict",
            "ore": "focusWater"
        },
        "E": {
            "type": "forge:ore_dict",
            "ore": "focusEarth"
        },
        "A": {
            "type": "forge:ore_dict",
            "ore": "focusAir"
        },
        "P": {
            "type": "forge:ore_dict",
            "ore": "plateDiamond"
        },
        "B": {
            "type": "forge:ore_dict",
            "ore": "waterMagic"
        }
    },
    "result": {
        "item": "essentialcraft:magicwaterbottle",
        "count": 1,
        "data": 0
    }
}