{
    "type": "forge:ore_shaped",
    "group": "essentialcraft:magical_teleporter",
    "pattern": [
        "SRI",
        "PCP",
        "VEV"
    ],
    "key": {
        "R": {
            "type": "forge:ore_dict",
            "ore": "reactorVoid"
        },
        "S": {
            "type": "forge:ore_dict",
            "ore": "screenMagic"
        },
        "I": {
            "type": "forge:ore_dict",
            "ore": "worldInteractor"
        },
        "C": {
            "type": "forge:ore_dict",
            "ore": "coreVoid"
        },
        "V": {
            "type": "forge:ore_dict",
            "ore": "plateVoid"
        },
        "P": {
            "type": "forge:ore_dict",
            "ore": "plateMagic"
        },
        "E": {
            "type": "forge:ore_dict",
            "ore": "matterOfEternity"
        }
    },
    "result": {
        "item": "essentialcraft:magicalteleporter",
        "count": 1,
        "data": 0
    }
}