{
    "type": "forge:ore_shaped",
    "group": "essentialcraft:magician_table",
    "pattern": [
        "FMF",
        "ECE",
        "OFO"
    ],
    "key": {
        "F": {
            "type": "forge:ore_dict",
            "ore": "frameIron"
        },
        "M": {
            "type": "forge:ore_dict",
            "ore": "mruCatcher"
        },
        "C": {
            "type": "forge:ore_dict",
            "ore": "coreMagic"
        },
        "E": {
            "type": "forge:ore_dict",
            "ore": "plateEmerald"
        },
        "O": {
            "type": "forge:ore_dict",
            "ore": "plateObsidian"
        }
    },
    "result": {
        "item": "essentialcraft:magiciantable",
        "count": 1,
        "data": 0
    }
}