{
    "type": "forge:ore_shaped",
    "group": "essentialcraft:magical_hopper",
    "pattern": [
        "SHS",
        "SCS",
        "SDS"
    ],
    "key": {
        "S": {
            "type": "forge:ore_dict",
            "ore": "stoneFortified"
        },
        "H": {
            "item": "minecraft:hopper",
            "data": 0
        },
        "C": {
            "item": "minecraft:chest",
            "data": 0
        },
        "D": {
            "item": "minecraft:dropper",
            "data": 0
        }
    },
    "result": {
        "item": "essentialcraft:magicalhopper",
        "count": 1,
        "data": 0
    }
}