{
    "type": "forge:ore_shaped",
    "group": "essentialcraft:mamgatic_smeltery",
    "pattern": [
        "MSA",
        "XCX",
        "HIH"
    ],
    "key": {
        "S": {
            "type": "forge:ore_dict",
            "ore": "screenMagic"
        },
        "M": {
            "type": "forge:ore_dict",
            "ore": "mruCatcher"
        },
        "C": {
            "type": "forge:ore_dict",
            "ore": "coreMagic"
        },
        "X": {
            "type": "forge:ore_dict",
            "ore": "conversionMatrix"
        },
        "H": {
            "type": "forge:ore_dict",
            "ore": "rodHeat"
        },
        "I": {
            "type": "forge:ore_dict",
            "ore": "worldInteractor"
        },
        "A": {
            "type": "forge:ore_dict",
            "ore": "alloysMagical"
        }
    },
    "result": {
        "item": "essentialcraft:magmaticsmeltery",
        "count": 1,
        "data": 0
    }
}