{
    "type": "forge:ore_shaped",
    "group": "essentialcraft:magnetizing_staff",
    "pattern": [
        "AGM",
        "SPG",
        "PSA"
    ],
    "key": {
        "M": {
            "type": "forge:ore_dict",
            "ore": "darkSoulMatter"
        },
        "A": {
            "type": "forge:ore_dict",
            "ore": "focusAir"
        },
        "G": {
            "type": "forge:ore_dict",
            "ore": "orbGold"
        },
        "P": {
            "type": "forge:ore_dict",
            "ore": "plateMagic"
        },
        "S": {
            "item": "essentialcraft:magicalslag",
            "data": 0
        }
    },
    "result": {
        "item": "essentialcraft:magnetizingstaff",
        "count": 1,
        "data": 0
    }
}