{
    "type": "forge:ore_shaped",
    "group": "essentialcraft:matrix_link",
    "pattern": [
        "SPS",
        "EGE",
        "GGG"
    ],
    "key": {
        "G": {
            "type": "forge:ore_dict",
            "ore": "essentialcraft:ingotGold"
        },
        "E": {
            "type": "forge:ore_dict",
            "ore": "gemEmerald"
        },
        "P": {
            "type": "forge:ore_dict",
            "ore": "essentialcraft:gemEnderPearl"
        },
        "S": {
            "type": "forge:ore_dict",
            "ore": "gemElemental"
        }
    },
    "result": {
        "item": "essentialcraft:genitem",
        "count": 8,
        "data": 28
    }
}