{
    "type": "forge:ore_shaped",
    "group": "essentialcraft:metadata_manager",
    "pattern": [
        "SSS",
        "SBR",
        "SSS"
    ],
    "key": {
        "S": {
            "type": "forge:ore_dict",
            "ore": "stoneFortified"
        },
        "R": {
            "type": "forge:ore_dict",
            "ore": "dustRedstone"
        },
        "B": {
            "item": "essentialcraft:bound_gem",
            "data": 0
        }
    },
    "result": {
        "item": "essentialcraft:metadatamanager",
        "count": 1,
        "data": 0
    }
}