{
    "type": "forge:ore_shaped",
    "group": "essentialcraft:mhs_leggings",
    "pattern": [
        "AIA",
        "PDP",
        "PDP"
    ],
    "key": {
        "A": {
            "type": "forge:ore_dict",
            "ore": "alloysMagical"
        },
        "I": {
            "type": "forge:ore_dict",
            "ore": "worldInteractor"
        },
        "D": {
            "type": "forge:ore_dict",
            "ore": "dustCrystal"
        },
        "P": {
            "type": "forge:ore_dict",
            "ore": "plateMagic"
        }
    },
    "result": {
        "item": "essentialcraft:legs_magic",
        "count": 1,
        "data": 0
    }
}