{
    "type": "forge:ore_shaped",
    "group": "essentialcraft:mhs_helmet",
    "pattern": [
        "AIA",
        "PGP",
        "DDD"
    ],
    "key": {
        "A": {
            "type": "forge:ore_dict",
            "ore": "alloysMagical"
        },
        "I": {
            "type": "forge:ore_dict",
            "ore": "worldInteractor"
        },
        "G": {
            "type": "forge:ore_dict",
            "ore": "plateGlass"
        },
        "D": {
            "type": "forge:ore_dict",
            "ore": "dustCrystal"
        },
        "P": {
            "type": "forge:ore_dict",
            "ore": "plateMagic"
        }
    },
    "result": {
        "item": "essentialcraft:helm_magic",
        "count": 1,
        "data": 0
    }
}