{
    "type": "forge:ore_shaped",
    "group": "essentialcraft:mim",
    "pattern": [
        "VPV",
        "CRC",
        "PMP"
    ],
    "key": {
        "P": {
            "type": "forge:ore_dict",
            "ore": "plateVoid"
        },
        "V": {
            "type": "forge:ore_dict",
            "ore": "chestVoid"
        },
        "C": {
            "type": "forge:ore_dict",
            "ore": "coreVoid"
        },
        "R": {
            "type": "forge:ore_dict",
            "ore": "reactorVoid"
        },
        "M": {
            "type": "forge:ore_dict",
            "ore": "redSoulMatter"
        }
    },
    "result": {
        "item": "essentialcraft:newmim",
        "count": 1,
        "data": 0
    }
}