{
    "type": "forge:ore_shaped",
    "group": "essentialcraft:mim_inventory_storage",
    "pattern": [
        "PPP",
        "SCS",
        "PPP"
    ],
    "key": {
        "P": {
            "type": "forge:ore_dict",
            "ore": "plateMagic"
        },
        "C": {
            "type": "forge:ore_dict",
            "ore": "coreMagic"
        },
        "S": {
            "type": "forge:ore_dict",
            "ore": "chestMagical"
        }
    },
    "result": {
        "item": "essentialcraft:miminvstorage",
        "count": 1,
        "data": 0
    }
}