{
    "type": "forge:ore_shaped",
    "group": "essentialcraft:mim_screen",
    "pattern": [
        "DDD",
        "PCP",
        "PMP"
    ],
    "key": {
        "P": {
            "type": "forge:ore_dict",
            "ore": "plateMagic"
        },
        "D": {
            "type": "forge:ore_dict",
            "ore": "screenMagic"
        },
        "C": {
            "type": "forge:ore_dict",
            "ore": "coreMagic"
        },
        "M": {
            "type": "forge:ore_dict",
            "ore": "mruCatcher"
        }
    },
    "result": {
        "item": "essentialcraft:mimscreen",
        "count": 1,
        "data": 0
    }
}