{
    "type": "forge:ore_shaped",
    "group": "essentialcraft:mim_ejector_persistant",
    "pattern": [
        " @ ",
        "#C#",
        "#E#"
    ],
    "key": {
        "#": {
            "type": "forge:ore_dict",
            "ore": "plateMithrilineMetal"
        },
        "@": {
            "type": "forge:ore_dict",
            "ore": "essentialcraft:gemEnderPearl"
        },
        "C": {
            "type": "forge:ore_dict",
            "ore": "coreMagic"
        },
        "E": {
            "type": "forge:ore_dict",
            "ore": "plateEnder"
        }
    },
    "result": {
        "item": "essentialcraft:mimejectorp",
        "count": 1,
        "data": 0
    }
}