{
    "type": "forge:ore_shaped",
    "group": "essentialcraft:mimic",
    "pattern": [
        "MPM",
        "PEP",
        "MPM"
    ],
    "key": {
        "M": {
            "type": "forge:ore_dict",
            "ore": "stoneFortified"
        },
        "E": {
            "item": "essentialcraft:magicalslag",
            "data": 0
        },
        "P": {
            "type": "forge:ore_dict",
            "ore": "glassFortified"
        }
    },
    "result": {
        "item": "essentialcraft:mimic",
        "count": 4,
        "data": 0
    }
}