{
    "type": "forge:ore_shapeless",
    "group": "essentialcraft:mithriline_plating",
    "ingredients": [
        {
            "type": "forge:ore_dict",
            "ore": "plateMithrilineMetal"
        },
        {
            "type": "forge:ore_dict",
            "ore": "plateMithrilineMetal"
        },
        {
            "type": "forge:ore_dict",
            "ore": "plateMithrilineMetal"
        },
        {
            "type": "forge:ore_dict",
            "ore": "plateMithrilineMetal"
        }
    ],
    "result": {
        "item": "essentialcraft:invertedplating",
        "count": 16,
        "data": 0
    }
}