{
    "type": "forge:ore_shaped",
    "group": "essentialcraft:mithriline_gem",
    "pattern": [
        " I ",
        "ISI",
        " I "
    ],
    "key": {
        "I": {
            "type": "forge:ore_dict",
            "ore": "ingotMithrilineMetal"
        },
        "S": {
            "type": "forge:ore_dict",
            "ore": "dustMithriline"
        }
    },
    "result": {
        "item": "essentialcraft:genitem",
        "count": 1,
        "data": 48
    }
}