{
    "type": "forge:ore_shaped",
    "group": "essentialcraft:mithriline_furnace",
    "pattern": [
        "DGD",
        "PFP",
        "IHI"
    ],
    "key": {
        "D": {
            "type": "forge:ore_dict",
            "ore": "dustMithriline"
        },
        "G": {
            "type": "forge:ore_dict",
            "ore": "gemMithrilineCrystal"
        },
        "P": {
            "type": "forge:ore_dict",
            "ore": "plateEmerald"
        },
        "F": {
            "item": "minecraft:furnace",
            "data": 0
        },
        "I": {
            "type": "forge:ore_dict",
            "ore": "ingotMithrilineMetal"
        },
        "H": {
            "type": "forge:ore_dict",
            "ore": "rodHeat"
        }
    },
    "result": {
        "item": "essentialcraft:mithrilinefurnace",
        "count": 1,
        "data": 0
    }
}