{
    "type": "forge:ore_shaped",
    "group": "essentialcraft:mithriline_crystal",
    "pattern": [
        "IGI",
        "ICI",
        "IPI"
    ],
    "key": {
        "I": {
            "type": "forge:ore_dict",
            "ore": "dustMithriline"
        },
        "G": {
            "type": "forge:ore_dict",
            "ore": "enderEye"
        },
        "C": {
            "type": "forge:ore_dict",
            "ore": "gemMithrilineCrystal"
        },
        "P": {
            "type": "forge:ore_dict",
            "ore": "essentialcraft:gemEnderPearl"
        }
    },
    "result": {
        "item": "essentialcraft:mithrilinecrystal",
        "count": 1,
        "data": 0
    }
}