{
    "type": "forge:ore_shaped",
    "group": "essentialcraft:monster_clinger",
    "pattern": [
        "ICI",
        "SXM",
        "FPF"
    ],
    "key": {
        "F": {
            "type": "forge:ore_dict",
            "ore": "frameMagic"
        },
        "S": {
            "type": "forge:ore_dict",
            "ore": "screenMagic"
        },
        "M": {
            "type": "forge:ore_dict",
            "ore": "mruCatcher"
        },
        "X": {
            "type": "forge:ore_dict",
            "ore": "conversionMatrix"
        },
        "C": {
            "type": "forge:ore_dict",
            "ore": "coreMagic"
        },
        "P": {
            "type": "forge:ore_dict",
            "ore": "plateFortified"
        },
        "I": {
            "type": "forge:ore_dict",
            "ore": "worldInteractor"
        }
    },
    "result": {
        "item": "essentialcraft:monsterclinger",
        "count": 1,
        "data": 0
    }
}