{
    "type": "forge:ore_shaped",
    "group": "essentialcraft:mru_coil_hardener",
    "pattern": [
        "PCP",
        "PMP",
        "PLP"
    ],
    "key": {
        "P": {
            "type": "forge:ore_dict",
            "ore": "plateMagic"
        },
        "M": {
            "type": "forge:ore_dict",
            "ore": "ingotMagnet"
        },
        "L": {
            "type": "forge:ore_dict",
            "ore": "mruLink"
        },
        "C": {
            "type": "forge:ore_dict",
            "ore": "coreMagic"
        }
    },
    "result": {
        "item": "essentialcraft:mrucoilhardener",
        "count": 3,
        "data": 0
    }
}