{
    "type": "forge:ore_shaped",
    "group": "essentialcraft:mru_mover_2",
    "pattern": [
        " SI",
        " ES",
        "E  "
    ],
    "key": {
        "I": {
            "type": "forge:ore_dict",
            "ore": "gemDiamond"
        },
        "S": {
            "type": "forge:ore_dict",
            "ore": "plateGlass"
        },
        "E": {
            "type": "forge:ore_dict",
            "ore": "ingotThaumium"
        }
    },
    "result": {
        "item": "essentialcraft:mrumover_t2",
        "count": 1,
        "data": 0
    }
}