{
    "type": "forge:ore_shaped",
    "group": "essentialcraft:mru_catcher",
    "pattern": [
        "GGG",
        "PGP",
        "SPS"
    ],
    "key": {
        "G": {
            "type": "forge:ore_dict",
            "ore": "essentialcraft:ingotGold"
        },
        "P": {
            "type": "forge:ore_dict",
            "ore": "essentialcraft:gemEnderPearl"
        },
        "S": {
            "type": "forge:ore_dict",
            "ore": "gemElemental"
        }
    },
    "result": {
        "item": "essentialcraft:genitem",
        "count": 8,
        "data": 29
    }
}