{
    "type": "forge:ore_shaped",
    "group": "essentialcraft:mrucuec_ejector",
    "pattern": [
        "FLF",
        "XCX",
        "PLP"
    ],
    "key": {
        "F": {
            "type": "forge:ore_dict",
            "ore": "frameMagic"
        },
        "C": {
            "type": "forge:ore_dict",
            "ore": "coreMagic"
        },
        "X": {
            "type": "forge:ore_dict",
            "ore": "conversionMatrix"
        },
        "P": {
            "type": "forge:ore_dict",
            "ore": "plateMagic"
        },
        "L": {
            "type": "forge:ore_dict",
            "ore": "mruLink"
        }
    },
    "result": {
        "item": "essentialcraft:ecejector",
        "count": 1,
        "data": 0
    }
}