{
    "type": "forge:ore_shaped",
    "group": "essentialcraft:mrucuec_balancer",
    "pattern": [
        "PAP",
        "XCX",
        "PMP"
    ],
    "key": {
        "P": {
            "type": "forge:ore_dict",
            "ore": "plateMagic"
        },
        "A": {
            "type": "forge:ore_dict",
            "ore": "alloysMagical"
        },
        "X": {
            "type": "forge:ore_dict",
            "ore": "conversionMatrix"
        },
        "C": {
            "type": "forge:ore_dict",
            "ore": "coreMagic"
        },
        "M": {
            "type": "forge:ore_dict",
            "ore": "mruCatcher"
        }
    },
    "result": {
        "item": "essentialcraft:ecbalancer",
        "count": 1,
        "data": 0
    }
}