{
    "type": "forge:ore_shaped",
    "group": "essentialcraft:mrucuec_redstone_controller",
    "pattern": [
        "PRP",
        "XCX",
        "PRP"
    ],
    "key": {
        "P": {
            "type": "forge:ore_dict",
            "ore": "plateMagic"
        },
        "R": {
            "type": "forge:ore_dict",
            "ore": "plateRedstone"
        },
        "X": {
            "type": "forge:ore_dict",
            "ore": "conversionMatrix"
        },
        "C": {
            "type": "forge:ore_dict",
            "ore": "coreMagic"
        }
    },
    "result": {
        "item": "essentialcraft:ecredstonecontroller",
        "count": 1,
        "data": 0
    }
}