{
    "type": "forge:ore_shaped",
    "group": "essentialcraft:mrucuec_controller",
    "pattern": [
        "FPF",
        "XCI",
        "LLL"
    ],
    "key": {
        "F": {
            "type": "forge:ore_dict",
            "ore": "frameMagic"
        },
        "I": {
            "type": "forge:ore_dict",
            "ore": "worldInteractor"
        },
        "C": {
            "type": "forge:ore_dict",
            "ore": "coreMagic"
        },
        "X": {
            "type": "forge:ore_dict",
            "ore": "conversionMatrix"
        },
        "P": {
            "type": "forge:ore_dict",
            "ore": "plateMagic"
        },
        "L": {
            "type": "forge:ore_dict",
            "ore": "mruLink"
        }
    },
    "result": {
        "item": "essentialcraft:eccontroller",
        "count": 1,
        "data": 0
    }
}