{
    "type": "forge:ore_shaped",
    "group": "essentialcraft:mrucuec_holding_chamber",
    "pattern": [
        "FMF",
        "SGS",
        "PLP"
    ],
    "key": {
        "F": {
            "type": "forge:ore_dict",
            "ore": "frameMagic"
        },
        "M": {
            "type": "forge:ore_dict",
            "ore": "mruCatcher"
        },
        "S": {
            "type": "forge:ore_dict",
            "ore": "darkSoulMatter"
        },
        "G": {
            "type": "forge:ore_dict",
            "ore": "plateGlass"
        },
        "P": {
            "type": "forge:ore_dict",
            "ore": "plateMagic"
        },
        "L": {
            "type": "forge:ore_dict",
            "ore": "mruLink"
        }
    },
    "result": {
        "item": "essentialcraft:echoldingchamber",
        "count": 1,
        "data": 0
    }
}