{
    "type": "forge:ore_shaped",
    "group": "essentialcraft:natural_furnace",
    "pattern": [
        "FSM",
        "HCH",
        "PIX"
    ],
    "key": {
        "S": {
            "type": "forge:ore_dict",
            "ore": "screenMagic"
        },
        "M": {
            "type": "forge:ore_dict",
            "ore": "mruCatcher"
        },
        "C": {
            "type": "forge:ore_dict",
            "ore": "coreMagic"
        },
        "X": {
            "type": "forge:ore_dict",
            "ore": "conversionMatrix"
        },
        "H": {
            "type": "forge:ore_dict",
            "ore": "rodHeat"
        },
        "I": {
            "type": "forge:ore_dict",
            "ore": "worldInteractor"
        },
        "F": {
            "type": "forge:ore_dict",
            "ore": "frameMagic"
        },
        "P": {
            "type": "forge:ore_dict",
            "ore": "plateMagic"
        }
    },
    "result": {
        "item": "essentialcraft:naturalfurnace",
        "count": 1,
        "data": 0
    }
}