{
    "type": "forge:ore_shaped",
    "group": "essentialcraft:player_pentacle",
    "pattern": [
        "MPM",
        "PSP",
        "MPM"
    ],
    "key": {
        "M": {
            "type": "forge:ore_dict",
            "ore": "dustMithriline"
        },
        "P": {
            "item": "essentialcraft:mrumatrixprojection",
            "data": 0
        },
        "S": {
            "item": "essentialcraft:soulstone",
            "data": 0
        }
    },
    "result": {
        "item": "essentialcraft:playerpentacle",
        "count": 1,
        "data": 0
    }
}