{
    "type": "forge:ore_shaped",
    "group": "essentialcraft:potion_spreader",
    "pattern": [
        "IFI",
        "MCS",
        "PXP"
    ],
    "key": {
        "I": {
            "type": "forge:ore_dict",
            "ore": "worldInteractor"
        },
        "F": {
            "type": "forge:ore_dict",
            "ore": "frameMagic"
        },
        "M": {
            "type": "forge:ore_dict",
            "ore": "mruCatcher"
        },
        "C": {
            "type": "forge:ore_dict",
            "ore": "coreMagic"
        },
        "S": {
            "type": "forge:ore_dict",
            "ore": "screenMagic"
        },
        "P": {
            "type": "forge:ore_dict",
            "ore": "plateMagic"
        },
        "X": {
            "type": "forge:ore_dict",
            "ore": "conversionMatrix"
        }
    },
    "result": {
        "item": "essentialcraft:potionspreader",
        "count": 1,
        "data": 0
    }
}