{
    "type": "forge:ore_shaped",
    "group": "essentialcraft:radiating_chamber",
    "pattern": [
        "DAD",
        "ECE",
        "DHD"
    ],
    "key": {
        "D": {
            "type": "forge:ore_dict",
            "ore": "plateDiamond"
        },
        "A": {
            "type": "forge:ore_dict",
            "ore": "mruCatcher"
        },
        "H": {
            "type": "forge:ore_dict",
            "ore": "rodHeat"
        },
        "E": {
            "item": "essentialcraft:genitem",
            "data": 23
        },
        "C": {
            "type": "forge:ore_dict",
            "ore": "coreMagic"
        }
    },
    "result": {
        "item": "essentialcraft:radiatingchamber",
        "count": 1,
        "data": 0
    }
}