{
    "type": "forge:ore_shaped",
    "group": "essentialcraft:reactor_support",
    "pattern": [
        "MGM",
        "PCP",
        "PEP"
    ],
    "key": {
        "M": {
            "type": "forge:ore_dict",
            "ore": "ingotMagnet"
        },
        "C": {
            "type": "forge:ore_dict",
            "ore": "coreMagic"
        },
        "P": {
            "type": "forge:ore_dict",
            "ore": "plateMagic"
        },
        "G": {
            "type": "forge:ore_dict",
            "ore": "gemResonant"
        },
        "E": {
            "type": "forge:ore_dict",
            "ore": "plateEnder"
        }
    },
    "result": {
        "item": "essentialcraft:reactorsupport",
        "count": 2,
        "data": 0
    }
}