{
    "type": "forge:ore_shaped",
    "group": "essentialcraft:reactor",
    "pattern": [
        "JNJ",
        "GMG",
        "PPP"
    ],
    "key": {
        "M": {
            "type": "forge:ore_dict",
            "ore": "ingotMagnet"
        },
        "N": {
            "type": "forge:ore_dict",
            "ore": "gemNetherStar"
        },
        "P": {
            "type": "forge:ore_dict",
            "ore": "plateMagic"
        },
        "G": {
            "type": "forge:ore_dict",
            "ore": "gemResonant"
        },
        "J": {
            "item": "essentialcraft:mrumatrixprojection",
            "data": 3
        }
    },
    "result": {
        "item": "essentialcraft:reactor",
        "count": 1,
        "data": 0
    }
}