{
    "type": "forge:ore_shaped",
    "group": "essentialcraft:redstone_transmitter",
    "pattern": [
        "RTR",
        "SSS"
    ],
    "key": {
        "S": {
            "type": "forge:ore_dict",
            "ore": "stoneFortified"
        },
        "R": {
            "type": "forge:ore_dict",
            "ore": "dustRedstone"
        },
        "T": {
            "item": "minecraft:redstone_torch",
            "data": 0
        }
    },
    "result": {
        "item": "essentialcraft:redstonetransmitter",
        "count": 2,
        "data": 0
    }
}