{
    "textures": {
        "fluid": "essentialblocks:blocks/null"
    },
    "elements": [
        {
            "from": [ 0.0, 0.0, 0.0 ],
            "to": [ 16.0, 11.0, 16.0 ],
            "faces": {
                "north": { "texture": "#fluid", "uv": [ 0.0, 5.0, 16.0, 16.0 ], "tintindex": 1 },
                "east": { "texture": "#fluid", "uv": [ 0.0, 5.0, 16.0, 16.0 ], "tintindex": 1 },
                "south": { "texture": "#fluid", "uv": [ 0.0, 5.0, 16.0, 16.0 ], "tintindex": 1 },
                "west": { "texture": "#fluid", "uv": [ 0.0, 5.0, 16.0, 16.0 ], "tintindex": 1 },
                "up": { "texture": "#fluid", "uv": [ 0.0, 0.0, 16.0, 16.0 ], "tintindex": 1 },
                "down": { "texture": "#fluid", "uv": [ 0.0, 0.0, 16.0, 16.0 ], "tintindex": 1 }
            }
        }
    ]
}