{
    "__comment": "model generated using mrcrayfish's model creator (http://mrcrayfish.com/modelcreator/)",
    "parent": "minecraft:block/block",
    "display": {
        "firstperson_righthand": {
            "rotation": [ 0, 135, 0 ],
            "translation": [ 0, 0, 0 ],
            "scale": [ 0.40, 0.40, 0.40 ]
        }
    },
    "elements": [
        {
            "name": "cube_0",
            "from": [ 1.0, 0.0, 1.0 ], 
            "to": [ 15.0, 10.0, 15.0 ], 
            "faces": {
                "north": { "texture": "#chest", "uv": [ 3.5, 8.25, 7.0, 10.75 ] },
                "east": { "texture": "#chest", "uv": [ 0.0, 8.25, 3.5, 10.75 ] },
                "south": { "texture": "#chest", "uv": [ 7.0, 8.25, 10.5, 10.75 ] },
                "west": { "texture": "#chest", "uv": [ 10.5, 8.25, 14.0, 10.75 ] },
                "down": { "texture": "#chest", "uv": [ 7.0, 4.75, 10.5, 8.25 ] }
            }
        },
        {
            "name": "cube_1",
            "from": [ 1.0, 10.0, 1.0 ], 
            "to": [ 15.0, 14.0, 15.0 ], 
            "faces": {
                "north": { "texture": "#chest", "uv": [ 3.5, 3.5, 7.0, 4.75 ] },
                "east": { "texture": "#chest", "uv": [ 0.0, 3.5, 3.5, 4.75 ] },
                "south": { "texture": "#chest", "uv": [ 7.0, 3.5, 10.5, 4.75 ] },
                "west": { "texture": "#chest", "uv": [ 10.5, 3.5, 14.0, 4.75 ] },
                "up": { "texture": "#chest", "uv": [ 3.5, 0.0, 7.0, 3.5 ] }
            }
        },
        {
            "name": "cube_2",
            "from": [ 7.0, 7.0, 0.0 ], 
            "to": [ 9.0, 11.0, 1.0 ], 
            "faces": {
                "north": { "texture": "#chest", "uv": [ 0.25, 0.25, 0.75, 1.25 ] },
                "east": { "texture": "#chest", "uv": [ 0.0, 0.25, 0.25, 1.25 ] },
                "west": { "texture": "#chest", "uv": [ 1.25, 0.25, 1.5, 1.25 ] },
                "up": { "texture": "#chest", "uv": [ 0.75, 0.0, 1.25, 0.25 ] },
                "down": { "texture": "#chest", "uv": [ 0.25, 0.0, 0.75, 0.25 ] }
            }
        }
    ]
}