{
    "parent": "minecraft:block/block",
    "textures": {
        "0": "essentialcraft:blocks/fortifiedstone",
        "1": "minecraft:blocks/diamond_block",
        "2": "essentialcraft:blocks/transparentglass",
        "particle": "essentialcraft:blocks/fortifiedstone"
    },
    "elements": [
        {
            "name": "cube_0",
            "from": [ 0.0, 12.8, 0.0 ], 
            "to": [ 16.0, 16.0, 16.0 ], 
            "faces": {
                "north": { "texture": "#0", "uv": [ 0.0, 0.0, 16.0, 3.2 ], "cullface": "north" },
                "east": { "texture": "#0", "uv": [ 0.0, 0.0, 16.0, 3.2 ], "cullface": "east" },
                "south": { "texture": "#0", "uv": [ 0.0, 0.0, 16.0, 3.2 ], "cullface": "south" },
                "west": { "texture": "#0", "uv": [ 0.0, 0.0, 16.0, 3.2 ], "cullface": "west" },
                "up": { "texture": "#0", "uv": [ 0.0, 0.0, 16.0, 16.0 ], "cullface": "up" },
                "down": { "texture": "#0", "uv": [ 0.0, 0.0, 16.0, 16.0 ] }
            }
        },
        {
            "name": "cube_1",
            "from": [ 0.0, 0.0, 0.0 ], 
            "to": [ 16.0, 3.2, 16.0 ], 
            "faces": {
                "north": { "texture": "#0", "uv": [ 0.0, 12.8, 16.0, 16.0 ], "cullface": "north" },
                "east": { "texture": "#0", "uv": [ 0.0, 12.8, 16.0, 16.0 ], "cullface": "east" },
                "south": { "texture": "#0", "uv": [ 0.0, 12.8, 16.0, 16.0 ], "cullface": "south" },
                "west": { "texture": "#0", "uv": [ 0.0, 12.8, 16.0, 16.0 ], "cullface": "west" },
                "up": { "texture": "#0", "uv": [ 0.0, 0.0, 16.0, 16.0 ] },
                "down": { "texture": "#0", "uv": [ 0.0, 0.0, 16.0, 16.0 ], "cullface": "down" }
            }
        },
        {
            "name": "cube_2",
            "from": [ 6.4, 9.6, 6.4 ], 
            "to": [ 9.6, 12.8, 9.6 ], 
            "faces": {
                "north": { "texture": "#0", "uv": [ 5.0, 5.0, 8.2, 8.2 ] },
                "east": { "texture": "#0", "uv": [ 5.0, 5.0, 8.2, 8.2 ] },
                "south": { "texture": "#0", "uv": [ 5.0, 5.0, 8.2, 8.2 ] },
                "west": { "texture": "#0", "uv": [ 5.0, 5.0, 8.2, 8.2 ] }
            }
        },
        {
            "name": "cube_3",
            "from": [ 6.4, 3.2, 6.4 ], 
            "to": [ 9.6, 6.4, 9.6 ], 
            "faces": {
                "north": { "texture": "#0", "uv": [ 5.0, 5.0, 8.2, 8.2 ] },
                "east": { "texture": "#0", "uv": [ 5.0, 5.0, 8.2, 8.2 ] },
                "south": { "texture": "#0", "uv": [ 5.0, 5.0, 8.2, 8.2 ] },
                "west": { "texture": "#0", "uv": [ 5.0, 5.0, 8.2, 8.2 ] }
            }
        },
        {
            "name": "cube_4",
            "from": [ 4.8, 6.4, 4.8 ], 
            "to": [ 11.2, 9.6, 11.2 ], 
            "faces": {
                "north": { "texture": "#1", "uv": [ 4.8, 6.4, 11.2, 9.6 ] },
                "east": { "texture": "#1", "uv": [ 4.8, 6.4, 11.2, 9.6 ] },
                "south": { "texture": "#1", "uv": [ 4.8, 6.4, 11.2, 9.6 ] },
                "west": { "texture": "#1", "uv": [ 4.8, 6.4, 11.2, 9.6 ] },
                "up": { "texture": "#1", "uv": [ 4.8, 4.8, 11.2, 11.2 ] },
                "down": { "texture": "#1", "uv": [ 4.8, 4.8, 11.2, 11.2 ] }
            }
        },
        {
            "name": "cube_5",
            "from": [ 0.0, 0.0, 0.0 ], 
            "to": [ 16.0, 16.0, 16.0 ], 
            "faces": {
                "north": { "texture": "#2", "uv": [ 0.0, 0.0, 16.0, 16.0 ] },
                "east": { "texture": "#2", "uv": [ 0.0, 0.0, 16.0, 16.0 ] },
                "south": { "texture": "#2", "uv": [ 0.0, 0.0, 16.0, 16.0 ] },
                "west": { "texture": "#2", "uv": [ 0.0, 0.0, 16.0, 16.0 ] }
            }
        }
    ]
}