{
    "parent": "minecraft:block/block",
    "textures": {
        "particle": "#base"
    },
    "elements": [
        {
            "name": "cube_0",
            "from": [ 12.8, 0.0, 1.6 ], 
            "to": [ 14.4, 1.6, 4.8 ], 
            "faces": {
                "north": { "texture": "#base", "uv": [ 0.0, 0.0, 4.0, 4.0 ] },
                "east": { "texture": "#base", "uv": [ 6.0, 6.0, 10.0, 10.0 ] },
                "south": { "texture": "#base", "uv": [ 6.0, 6.0, 10.0, 10.0 ] },
                "west": { "texture": "#base", "uv": [ 6.0, 6.0, 10.0, 10.0 ] },
                "up": { "texture": "#base", "uv": [ 6.0, 6.0, 10.0, 10.0 ] },
                "down": { "texture": "#base", "uv": [ 6.0, 6.0, 10.0, 10.0 ], "cullface": "down" }
            }
        },
        {
            "name": "cube_1",
            "from": [ 8.0, 0.0, 4.8 ], 
            "to": [ 11.2, 1.6, 6.4 ], 
            "faces": {
                "north": { "texture": "#base", "uv": [ 6.0, 6.0, 10.0, 10.0 ] },
                "east": { "texture": "#base", "uv": [ 6.0, 6.0, 10.0, 10.0 ] },
                "south": { "texture": "#base", "uv": [ 6.0, 6.0, 10.0, 10.0 ] },
                "west": { "texture": "#base", "uv": [ 6.0, 6.0, 10.0, 10.0 ] },
                "up": { "texture": "#base", "uv": [ 6.0, 6.0, 10.0, 10.0 ] },
                "down": { "texture": "#base", "uv": [ 6.0, 6.0, 10.0, 10.0 ], "cullface": "down" }
            }
        },
        {
            "name": "cube_2",
            "from": [ 1.6, 0.0, 3.2 ], 
            "to": [ 3.2, 1.6, 6.4 ], 
            "faces": {
                "north": { "texture": "#base", "uv": [ 6.0, 6.0, 10.0, 10.0 ] },
                "east": { "texture": "#base", "uv": [ 6.0, 6.0, 10.0, 10.0 ] },
                "south": { "texture": "#base", "uv": [ 6.0, 6.0, 10.0, 10.0 ] },
                "west": { "texture": "#base", "uv": [ 6.0, 6.0, 10.0, 10.0 ] },
                "up": { "texture": "#base", "uv": [ 6.0, 6.0, 10.0, 10.0 ] },
                "down": { "texture": "#base", "uv": [ 6.0, 6.0, 10.0, 10.0 ], "cullface": "down" }
            }
        },
        {
            "name": "cube_3",
            "from": [ 14.4, 0.0, 14.4 ], 
            "to": [ 16.0, 1.6, 16.0 ], 
            "faces": {
                "north": { "texture": "#base", "uv": [ 6.0, 6.0, 10.0, 10.0 ] },
                "east": { "texture": "#base", "uv": [ 6.0, 6.0, 10.0, 10.0 ] },
                "south": { "texture": "#base", "uv": [ 6.0, 6.0, 10.0, 10.0 ] },
                "west": { "texture": "#base", "uv": [ 6.0, 6.0, 10.0, 10.0 ] },
                "up": { "texture": "#base", "uv": [ 6.0, 6.0, 10.0, 10.0 ] },
                "down": { "texture": "#base", "uv": [ 6.0, 6.0, 10.0, 10.0 ], "cullface": "down" }
            }
        },
        {
            "name": "cube_4",
            "from": [ 11.2, 0.0, 9.6 ], 
            "to": [ 14.4, 1.6, 11.2 ], 
            "faces": {
                "north": { "texture": "#base", "uv": [ 6.0, 6.0, 10.0, 10.0 ] },
                "east": { "texture": "#base", "uv": [ 6.0, 6.0, 10.0, 10.0 ] },
                "south": { "texture": "#base", "uv": [ 6.0, 6.0, 10.0, 10.0 ] },
                "west": { "texture": "#base", "uv": [ 6.0, 6.0, 10.0, 10.0 ] },
                "up": { "texture": "#base", "uv": [ 6.0, 6.0, 10.0, 10.0 ] },
                "down": { "texture": "#base", "uv": [ 6.0, 6.0, 10.0, 10.0 ], "cullface": "down" }
            }
        },
        {
            "name": "cube_5",
            "from": [ 3.2, 0.0, 12.8 ], 
            "to": [ 4.8, 1.6, 14.4 ], 
            "faces": {
                "north": { "texture": "#base", "uv": [ 6.0, 6.0, 10.0, 10.0 ] },
                "east": { "texture": "#base", "uv": [ 6.0, 6.0, 10.0, 10.0 ] },
                "south": { "texture": "#base", "uv": [ 6.0, 6.0, 10.0, 10.0 ] },
                "west": { "texture": "#base", "uv": [ 6.0, 6.0, 10.0, 10.0 ] },
                "up": { "texture": "#base", "uv": [ 6.0, 6.0, 10.0, 10.0 ] },
                "down": { "texture": "#base", "uv": [ 6.0, 6.0, 10.0, 10.0 ], "cullface": "down" }
            }
        },
        {
            "name": "cube_6",
            "from": [ 4.8, 0.0, 8.0 ], 
            "to": [ 8.0, 1.6, 11.2 ], 
            "faces": {
                "north": { "texture": "#base", "uv": [ 6.0, 6.0, 10.0, 10.0 ] },
                "east": { "texture": "#base", "uv": [ 6.0, 6.0, 10.0, 10.0 ] },
                "south": { "texture": "#base", "uv": [ 6.0, 6.0, 10.0, 10.0 ] },
                "west": { "texture": "#base", "uv": [ 6.0, 6.0, 10.0, 10.0 ] },
                "up": { "texture": "#base", "uv": [ 6.0, 6.0, 10.0, 10.0 ] },
                "down": { "texture": "#base", "uv": [ 6.0, 6.0, 10.0, 10.0 ], "cullface": "down" }
            }
        }
    ]
}