{
    "__comment": "model generated using mrcrayfish's model creator (http://mrcrayfish.com/modelcreator/)",
    "parent": "minecraft:block/block",
    "textures": {
        "0": "essentialcraft:blocks/transparentglass",
        "1": "essentialcraft:blocks/fortifiedstone",
        "2": "minecraft:blocks/beacon",
        "3": "essentialcraft:blocks/magicplatingblock",
        "particle": "essentialcraft:blocks/fortifiedstone"
    },
    "elements": [
        {
            "name": "cube_0",
            "from": [ 0.0, 0.0, 0.0 ], 
            "to": [ 16.0, 16.0, 16.0 ], 
            "faces": {
                "north": { "texture": "#0", "uv": [ 0.0, 0.0, 16.0, 16.0 ] },
                "east": { "texture": "#0", "uv": [ 0.0, 0.0, 16.0, 16.0 ] },
                "south": { "texture": "#0", "uv": [ 0.0, 0.0, 16.0, 16.0 ] },
                "west": { "texture": "#0", "uv": [ 0.0, 0.0, 16.0, 16.0 ] },
                "up": { "texture": "#0", "uv": [ 0.0, 0.0, 16.0, 16.0 ] },
                "down": { "texture": "#0", "uv": [ 0.0, 0.0, 16.0, 16.0 ] }
            }
        },
        {
            "name": "cube_1",
            "from": [ 0.0, 12.8, 0.0 ], 
            "to": [ 16.0, 16.0, 16.0 ], 
            "faces": {
                "north": { "texture": "#1", "uv": [ 0.0, 0.0, 16.0, 3.2 ], "cullface": "north" },
                "east": { "texture": "#1", "uv": [ 0.0, 0.0, 16.0, 3.2 ], "cullface": "east" },
                "south": { "texture": "#1", "uv": [ 0.0, 0.0, 16.0, 3.2 ], "cullface": "south" },
                "west": { "texture": "#1", "uv": [ 0.0, 0.0, 16.0, 3.2 ], "cullface": "west" },
                "up": { "texture": "#1", "uv": [ 0.0, 0.0, 16.0, 16.0 ], "cullface": "up" },
                "down": { "texture": "#1", "uv": [ 0.0, 0.0, 16.0, 16.0 ] }
            }
        },
        {
            "name": "cube_2",
            "from": [ 12.8, 3.2, 12.8 ], 
            "to": [ 15.84, 12.8, 15.84 ], 
            "faces": {
                "north": { "texture": "#1", "uv": [ 0.0, 3.2, 3.2, 12.8 ] },
                "east": { "texture": "#1", "uv": [ 0.0, 3.2, 3.2, 12.8 ] },
                "south": { "texture": "#1", "uv": [ 12.8, 3.2, 16.0, 12.8 ] },
                "west": { "texture": "#1", "uv": [ 12.8, 3.2, 16.0, 12.8 ] }
            }
        },
        {
            "name": "cube_3",
            "from": [ 0.16, 3.2, 12.8 ], 
            "to": [ 3.2, 12.8, 15.84 ], 
            "faces": {
                "north": { "texture": "#1", "uv": [ 12.8, 3.2, 16.0, 12.8 ] },
                "east": { "texture": "#1", "uv": [ 0.0, 3.2, 3.2, 12.8 ] },
                "south": { "texture": "#1", "uv": [ 0.0, 3.2, 3.2, 12.8 ] },
                "west": { "texture": "#1", "uv": [ 12.8, 3.2, 16.0, 12.8 ] }
            }
        },
        {
            "name": "cube_4",
            "from": [ 12.8, 3.2, 0.16 ], 
            "to": [ 15.84, 12.8, 3.2 ], 
            "faces": {
                "north": { "texture": "#1", "uv": [ 0.0, 3.2, 3.2, 12.8 ] },
                "east": { "texture": "#1", "uv": [ 12.8, 3.2, 16.0, 12.8 ] },
                "south": { "texture": "#1", "uv": [ 12.8, 3.2, 16.0, 12.8 ] },
                "west": { "texture": "#1", "uv": [ 0.0, 3.2, 3.2, 12.8 ] }
            }
        },
        {
            "name": "cube_5",
            "from": [ 0.16, 3.2, 0.16 ], 
            "to": [ 3.2, 12.8, 3.2 ], 
            "faces": {
                "north": { "texture": "#1", "uv": [ 12.8, 3.2, 16.0, 12.8 ] },
                "east": { "texture": "#1", "uv": [ 12.8, 3.2, 16.0, 12.8 ] },
                "south": { "texture": "#1", "uv": [ 0.0, 3.2, 3.2, 12.8 ] },
                "west": { "texture": "#1", "uv": [ 0.0, 3.2, 3.2, 12.8 ] }
            }
        },
        {
            "name": "cube_6",
            "from": [ 4.8, 3.2, 4.8 ], 
            "to": [ 11.2, 9.6, 11.2 ], 
            "faces": {
                "north": { "texture": "#2", "uv": [ 0.0, 0.0, 16.0, 16.0 ] },
                "east": { "texture": "#2", "uv": [ 0.0, 0.0, 16.0, 16.0 ] },
                "south": { "texture": "#2", "uv": [ 0.0, 0.0, 16.0, 16.0 ] },
                "west": { "texture": "#2", "uv": [ 0.0, 0.0, 16.0, 16.0 ] },
                "up": { "texture": "#2", "uv": [ 0.0, 0.0, 16.0, 16.0 ] },
                "down": { "texture": "#2", "uv": [ 0.0, 0.0, 16.0, 16.0 ] }
            }
        },
        {
            "name": "cube_7",
            "from": [ 6.4, 6.4, 6.4 ], 
            "to": [ 9.6, 12.8, 9.6 ], 
            "faces": {
                "north": { "texture": "#3", "uv": [ 6.4, 3.2, 9.6, 9.6 ] },
                "east": { "texture": "#3", "uv": [ 6.4, 3.2, 9.6, 9.6 ] },
                "south": { "texture": "#3", "uv": [ 6.4, 3.2, 9.6, 9.6 ] },
                "west": { "texture": "#3", "uv": [ 6.4, 3.2, 9.6, 9.6 ] },
                "down": { "texture": "#-1", "uv": [ 0.0, 0.0, 3.2, 3.2 ] }
            }
        },
        {
            "name": "cube_8",
            "from": [ 12.8, 0.0, 12.8 ], 
            "to": [ 15.84, 3.2, 15.84 ], 
            "faces": {
                "north": { "texture": "#3", "uv": [ 0.0, 12.8, 3.2, 16.0 ] },
                "east": { "texture": "#3", "uv": [ 0.0, 12.8, 3.2, 16.0 ] },
                "south": { "texture": "#3", "uv": [ 12.8, 12.8, 16.0, 16.0 ] },
                "west": { "texture": "#3", "uv": [ 12.8, 12.8, 16.0, 16.0 ] },
                "down": { "texture": "#3", "uv": [ 12.8, 0.0, 16.0, 3.2 ], "cullface": "down" }
            }
        },
        {
            "name": "cube_9",
            "from": [ 0.16, 0.0, 12.8 ], 
            "to": [ 3.2, 3.2, 15.84 ], 
            "faces": {
                "north": { "texture": "#3", "uv": [ 12.8, 12.8, 16.0, 16.0 ] },
                "east": { "texture": "#3", "uv": [ 0.0, 12.8, 3.2, 16.0 ] },
                "south": { "texture": "#3", "uv": [ 0.0, 12.8, 3.2, 16.0 ] },
                "west": { "texture": "#3", "uv": [ 12.8, 12.8, 16.0, 16.0 ] },
                "down": { "texture": "#3", "uv": [ 0.0, 0.0, 3.2, 3.2 ], "cullface": "down"}
            }
        },
        {
            "name": "cube_10",
            "from": [ 12.8, 0.0, 0.16 ], 
            "to": [ 15.84, 3.2, 3.2 ], 
            "faces": {
                "north": { "texture": "#3", "uv": [ 0.0, 12.8, 3.2, 16.0 ] },
                "east": { "texture": "#3", "uv": [ 12.8, 12.8, 16.0, 16.0 ] },
                "south": { "texture": "#3", "uv": [ 12.8, 12.8, 16.0, 16.0 ] },
                "west": { "texture": "#3", "uv": [ 0.0, 12.8, 3.2, 16.0 ] },
                "down": { "texture": "#3", "uv": [ 12.8, 12.8, 16.0, 16.0 ], "cullface": "down" }
            }
        },
        {
            "name": "cube_11",
            "from": [ 0.16, 0.0, 0.16 ], 
            "to": [ 3.2, 3.2, 3.2 ], 
            "faces": {
                "north": { "texture": "#3", "uv": [ 12.8, 12.8, 16.0, 16.0 ] },
                "east": { "texture": "#3", "uv": [ 12.8, 12.8, 16.0, 16.0 ] },
                "south": { "texture": "#3", "uv": [ 0.0, 12.8, 3.2, 16.0 ] },
                "west": { "texture": "#3", "uv": [ 0.0, 12.8, 3.2, 16.0 ] },
                "down": { "texture": "#3", "uv": [ 0.0, 12.8, 3.2, 16.0 ], "cullface": "down" }
            }
        }
    ]
}