{
    "__comment": "model generated using mrcrayfish's model creator (http://mrcrayfish.com/modelcreator/)",
    "parent": "minecraft:block/block",
    "textures": {
        "0": "essentialcraft:blocks/magicplatingblock",
        "1": "minecraft:blocks/beacon",
        "2": "minecraft:blocks/glass_magenta",
        "particle": "essentialcraft:blocks/magicplatingblock"
    },
    "elements": [
        {
            "name": "cube_0",
            "from": [ 14.4, 0.0, 0.0 ], 
            "to": [ 16.0, 16.0, 16.0 ], 
            "faces": {
                "north": { "texture": "#0", "uv": [ 0.0, 0.0, 1.6, 16.0 ], "cullface": "north" },
                "east": { "texture": "#0", "uv": [ 0.0, 0.0, 16.0, 16.0 ] },
                "south": { "texture": "#0", "uv": [ 14.4, 0.0, 16.0, 16.0 ], "cullface": "south" },
                "west": { "texture": "#0", "uv": [ 0.0, 0.0, 16.0, 16.0 ], "cullface": "west" },
                "up": { "texture": "#0", "uv": [ 14.4, 0.0, 16.0, 16.0 ], "cullface": "up" },
                "down": { "texture": "#0", "uv": [ 14.4, 0.0, 16.0, 16.0 ], "cullface": "down"  }
            }
        },
        {
            "name": "cube_1",
            "from": [ 0.0, 0.0, 0.0 ], 
            "to": [ 1.6, 16.0, 16.0 ], 
            "faces": {
                "north": { "texture": "#0", "uv": [ 14.4, 0.0, 16.0, 16.0 ], "cullface": "north" },
                "east": { "texture": "#0", "uv": [ 0.0, 0.0, 16.0, 16.0 ], "cullface": "east" },
                "south": { "texture": "#0", "uv": [ 0.0, 0.0, 1.6, 16.0 ], "cullface": "south" },
                "west": { "texture": "#0", "uv": [ 0.0, 0.0, 16.0, 16.0 ] },
                "up": { "texture": "#0", "uv": [ 0.0, 0.0, 1.6, 16.0 ], "cullface": "up" },
                "down": { "texture": "#0", "uv": [ 0.0, 0.0, 1.6, 16.0 ], "cullface": "down" }
            }
        },
        {
            "name": "cube_2",
            "from": [ 1.6, 0.0, 14.4 ], 
            "to": [ 14.4, 16.0, 16.0 ], 
            "faces": {
                "north": { "texture": "#0", "uv": [ 1.6, 0.0, 14.4, 16.0 ] },
                "south": { "texture": "#0", "uv": [ 1.6, 0.0, 14.4, 16.0 ], "cullface": "south" },
                "up": { "texture": "#0", "uv": [ 1.6, 14.4, 14.4, 16.0 ], "cullface": "up" },
                "down": { "texture": "#0", "uv": [ 1.6, 0.0, 14.4, 1.6 ], "cullface": "down" }
            }
        },
        {
            "name": "cube_3",
            "from": [ 1.6, 0.0, 0.0 ], 
            "to": [ 16.0, 16.0, 1.6 ], 
            "faces": {
                "north": { "texture": "#0", "uv": [ 1.6, 0.0, 14.4, 16.0 ], "cullface": "north" },
                "south": { "texture": "#0", "uv": [ 1.6, 0.0, 14.4, 16.0 ] },
                "up": { "texture": "#0", "uv": [ 1.6, 0.0, 14.4, 1.6 ], "cullface": "up" },
                "down": { "texture": "#0", "uv": [ 1.6, 14.4, 14.4, 16.0 ], "cullface": "down" }
            }
        },
        {
            "name": "cube_4",
            "from": [ 1.6, 0.0, 1.6 ], 
            "to": [ 16.0, 1.6, 16.0 ], 
            "faces": {
                "up": { "texture": "#0", "uv": [ 1.6, 1.6, 14.4, 14.4 ] },
                "down": { "texture": "#0", "uv": [ 1.6, 1.6, 14.4, 14.4 ], "cullface": "down" }
            }
        },
        {
            "name": "cube_5",
            "from": [ 4.8, 1.6, 4.8 ], 
            "to": [ 6.4, 11.2, 6.4 ], 
            "faces": {
                "north": { "texture": "#1", "uv": [ 0.0, 0.0, 16.0, 16.0 ] },
                "east": { "texture": "#1", "uv": [ 0.0, 0.0, 16.0, 16.0 ] },
                "south": { "texture": "#1", "uv": [ 0.0, 0.0, 16.0, 16.0 ] },
                "west": { "texture": "#1", "uv": [ 0.0, 0.0, 16.0, 16.0 ] },
                "up": { "texture": "#1", "uv": [ 0.0, 0.0, 16.0, 16.0 ] }
            }
        },
        {
            "name": "cube_6",
            "from": [ 4.8, 1.6, 9.6 ], 
            "to": [ 6.4, 11.2, 11.2 ], 
            "faces": {
                "north": { "texture": "#1", "uv": [ 0.0, 0.0, 16.0, 16.0 ] },
                "east": { "texture": "#1", "uv": [ 0.0, 0.0, 16.0, 16.0 ] },
                "south": { "texture": "#1", "uv": [ 0.0, 0.0, 16.0, 16.0 ] },
                "west": { "texture": "#1", "uv": [ 0.0, 0.0, 16.0, 16.0 ] },
                "up": { "texture": "#1", "uv": [ 0.0, 0.0, 16.0, 16.0 ] }
            }
        },
        {
            "name": "cube_7",
            "from": [ 9.6, 1.6, 9.6 ], 
            "to": [ 11.2, 11.2, 11.2 ], 
            "faces": {
                "north": { "texture": "#1", "uv": [ 0.0, 0.0, 16.0, 16.0 ] },
                "east": { "texture": "#1", "uv": [ 0.0, 0.0, 16.0, 16.0 ] },
                "south": { "texture": "#1", "uv": [ 0.0, 0.0, 16.0, 16.0 ] },
                "west": { "texture": "#1", "uv": [ 0.0, 0.0, 16.0, 16.0 ] },
                "up": { "texture": "#1", "uv": [ 0.0, 0.0, 16.0, 16.0 ] }
            }
        },
        {
            "name": "cube_8",
            "from": [ 9.6, 1.6, 4.8 ], 
            "to": [ 11.2, 11.2, 6.4 ], 
            "faces": {
                "north": { "texture": "#1", "uv": [ 0.0, 0.0, 16.0, 16.0 ] },
                "east": { "texture": "#1", "uv": [ 0.0, 0.0, 16.0, 16.0 ] },
                "south": { "texture": "#1", "uv": [ 0.0, 0.0, 16.0, 16.0 ] },
                "west": { "texture": "#1", "uv": [ 0.0, 0.0, 16.0, 16.0 ] },
                "up": { "texture": "#1", "uv": [ 0.0, 0.0, 16.0, 16.0 ] }
            }
        },
        {
            "name": "cube_9",
            "from": [ 1.6, 11.0, 1.6 ], 
            "to": [ 14.4, 11.0, 14.4 ], 
            "faces": {
                "up": { "texture": "#2", "uv": [ 1.6, 1.6, 14.4, 14.4 ] }
            }
        }
    ]
}