{
    "__comment": "model generated using mrcrayfish's model creator (http://mrcrayfish.com/modelcreator/)",
    "parent": "minecraft:block/block",
    "textures": {
        "0": "minecraft:blocks/endframe_top",
        "1": "essentialcraft:blocks/magicplatingblock",
        "particle": "essentialcraft:blocks/magicplatingblock"
    },
    "elements": [
        {
            "name": "cube_0",
            "from": [ 4.8, 0.0, 4.8 ], 
            "to": [ 11.2, 3.2, 11.2 ], 
            "faces": {
                "north": { "texture": "#0", "uv": [ 4.8, 12.8, 11.2, 16.0 ] },
                "east": { "texture": "#0", "uv": [ 4.8, 12.8, 11.2, 16.0 ] },
                "south": { "texture": "#0", "uv": [ 4.8, 12.8, 11.2, 16.0 ] },
                "west": { "texture": "#0", "uv": [ 4.8, 12.8, 11.2, 16.0 ] },
                "up": { "texture": "#0", "uv": [ 4.8, 4.8, 11.2, 11.2 ] },
                "down": { "texture": "#0", "uv": [ 4.8, 4.8, 11.2, 11.2 ], "cullface": "down" }
            }
        },
        {
            "name": "cube_1",
            "from": [ 7.2, 3.2, 7.2 ], 
            "to": [ 8.8, 12.8, 8.8 ], 
            "faces": {
                "north": { "texture": "#1", "uv": [ 7.0, 3.0, 8.6, 12.6 ] },
                "east": { "texture": "#1", "uv": [ 7.0, 3.0, 8.6, 12.6 ] },
                "south": { "texture": "#1", "uv": [ 7.0, 3.0, 8.6, 12.6 ] },
                "west": { "texture": "#1", "uv": [ 7.0, 3.0, 8.6, 12.6 ] },
                "up": { "texture": "#1", "uv": [ 7.0, 7.0, 8.6, 8.6 ] }
            }
        },
        {
            "name": "cube_2",
            "from": [ 0.0, 0.0, 14.4 ], 
            "to": [ 16.0, 1.6, 16.0 ], 
            "faces": {
                "north": { "texture": "#1", "uv": [ 0.0, 14.4, 16.0, 16.0 ] },
                "east": { "texture": "#1", "uv": [ 0.0, 14.4, 1.6, 16.0 ], "cullface": "east" },
                "south": { "texture": "#1", "uv": [ 0.0, 14.4, 16.0, 16.0 ], "cullface": "south" },
                "west": { "texture": "#1", "uv": [ 14.4, 14.4, 16.0, 16.0 ], "cullface": "west" },
                "up": { "texture": "#1", "uv": [ 0.0, 14.4, 16.0, 16.0 ] },
                "down": { "texture": "#1", "uv": [ 0.0, 0.0, 16.0, 1.6 ], "cullface": "down" }
            }
        },
        {
            "name": "cube_3",
            "from": [ 14.4, 0.0, 0.0 ], 
            "to": [ 16.0, 1.6, 16.0 ], 
            "faces": {
                "north": { "texture": "#1", "uv": [ 0.0, 14.4, 1.6, 16.0 ], "cullface": "north" },
                "east": { "texture": "#1", "uv": [ 0.0, 14.4, 16.0, 16.0 ], "cullface": "east" },
                "south": { "texture": "#1", "uv": [ 14.4, 14.4, 16.0, 16.0 ], "cullface": "south" },
                "west": { "texture": "#1", "uv": [ 0.0, 14.4, 16.0, 16.0 ] },
                "up": { "texture": "#1", "uv": [ 14.4, 0.0, 16.0, 16.0 ] },
                "down": { "texture": "#1", "uv": [ 14.4, 0.0, 16.0, 16.0 ], "cullface": "down" }
            }
        },
        {
            "name": "cube_4",
            "from": [ 0.0, 0.0, 0.0 ], 
            "to": [ 1.6, 1.6, 16.0 ], 
            "faces": {
                "north": { "texture": "#1", "uv": [ 14.4, 14.4, 16.0, 16.0 ], "cullface": "north" },
                "east": { "texture": "#1", "uv": [ 0.0, 14.4, 16.0, 16.0 ] },
                "south": { "texture": "#1", "uv": [ 0.0, 14.4, 1.6, 16.0 ] },
                "west": { "texture": "#1", "uv": [ 0.0, 14.4, 16.0, 16.0 ], "cullface": "west" },
                "up": { "texture": "#1", "uv": [ 0.0, 0.0, 1.6, 16.0 ] },
                "down": { "texture": "#1", "uv": [ 0.0, 0.0, 1.6, 16.0 ], "cullface": "down" }
            }
        },
        {
            "name": "cube_5",
            "from": [ 0.0, 0.0, 0.0 ], 
            "to": [ 16.0, 1.6, 1.6 ], 
            "faces": {
                "north": { "texture": "#1", "uv": [ 0.0, 14.4, 16.0, 16.0 ], "cullface": "north" },
                "east": { "texture": "#1", "uv": [ 14.4, 14.4, 16.0, 16.0 ], "cullface": "east" },
                "south": { "texture": "#1", "uv": [ 0.0, 14.4, 16.0, 16.0 ] },
                "west": { "texture": "#1", "uv": [ 0.0, 14.4, 1.6, 16.0 ], "cullface": "west" },
                "up": { "texture": "#1", "uv": [ 0.0, 0.0, 16.0, 1.6 ] },
                "down": { "texture": "#1", "uv": [ 0.0, 14.4, 16.0, 16.0 ], "cullface": "down" }
            }
        },
        {
            "name": "cube_6",
            "from": [ 1.6, 3.2, 12.8 ], 
            "to": [ 14.4, 4.8, 14.4 ], 
            "faces": {
                "north": { "texture": "#1", "uv": [ 1.6, 11.2, 14.4, 12.8 ] },
                "east": { "texture": "#1", "uv": [ 1.6, 11.2, 3.2, 12.8 ] },
                "south": { "texture": "#1", "uv": [ 1.6, 11.2, 14.4, 12.8 ] },
                "west": { "texture": "#1", "uv": [ 12.8, 11.2, 14.4, 12.8 ] },
                "up": { "texture": "#1", "uv": [ 1.6, 12.8, 14.4, 14.4 ] },
                "down": { "texture": "#1", "uv": [ 1.6, 1.6, 14.4, 3.2 ] }
            }
        },
        {
            "name": "cube_7",
            "from": [ 12.8, 3.2, 1.6 ], 
            "to": [ 14.4, 4.8, 14.4 ], 
            "faces": {
                "north": { "texture": "#1", "uv": [ 1.6, 11.2, 3.2, 12.8 ] },
                "east": { "texture": "#1", "uv": [ 1.6, 11.2, 14.4, 12.8 ] },
                "south": { "texture": "#1", "uv": [ 12.8, 11.2, 14.4, 12.8 ] },
                "west": { "texture": "#1", "uv": [ 1.6, 11.2, 14.4, 12.9 ] },
                "up": { "texture": "#1", "uv": [ 12.8, 1.6, 14.4, 14.4 ] },
                "down": { "texture": "#1", "uv": [ 12.8, 1.6, 14.4, 14.4 ] }
            }
        },
        {
            "name": "cube_8",
            "from": [ 1.6, 3.2, 1.6 ], 
            "to": [ 3.2, 4.8, 14.4 ], 
            "faces": {
                "north": { "texture": "#1", "uv": [ 12.8, 11.2, 14.4, 12.8 ] },
                "east": { "texture": "#1", "uv": [ 1.6, 11.2, 14.4, 12.8 ] },
                "south": { "texture": "#1", "uv": [ 1.6, 11.2, 3.2, 12.8 ] },
                "west": { "texture": "#1", "uv": [ 1.6, 11.2, 14.4, 12.8 ] },
                "up": { "texture": "#1", "uv": [ 1.6, 1.6, 3.2, 14.4 ] },
                "down": { "texture": "#1", "uv": [ 1.6, 1.6, 3.2, 14.4 ] }
            }
        },
        {
            "name": "cube_9",
            "from": [ 1.6, 3.2, 1.6 ], 
            "to": [ 14.4, 4.8, 3.2 ], 
            "faces": {
                "north": { "texture": "#1", "uv": [ 1.6, 11.2, 14.4, 12.8 ] },
                "east": { "texture": "#1", "uv": [ 12.8, 11.2, 14.4, 12.8 ] },
                "south": { "texture": "#1", "uv": [ 1.6, 11.2, 14.4, 12.8 ] },
                "west": { "texture": "#1", "uv": [ 1.6, 11.4, 3.2, 13.0 ] },
                "up": { "texture": "#1", "uv": [ 1.6, 1.6, 14.4, 3.2 ] },
                "down": { "texture": "#1", "uv": [ 1.6, 12.8, 14.4, 14.4 ] }
            }
        },
        {
            "name": "cube_10",
            "from": [ 3.2, 6.4, 11.2 ], 
            "to": [ 12.8, 8.0, 12.8 ], 
            "faces": {
                "north": { "texture": "#1", "uv": [ 3.2, 8.0, 12.8, 9.6 ] },
                "east": { "texture": "#1", "uv": [ 3.2, 8.0, 4.8, 9.6 ] },
                "south": { "texture": "#1", "uv": [ 3.2, 8.0, 12.8, 9.6 ] },
                "west": { "texture": "#1", "uv": [ 11.2, 8.0, 12.8, 9.6 ] },
                "up": { "texture": "#1", "uv": [ 3.2, 11.2, 12.8, 12.8 ] },
                "down": { "texture": "#1", "uv": [ 3.2, 3.2, 12.8, 4.8 ] }
            }
        },
        {
            "name": "cube_11",
            "from": [ 11.2, 6.4, 3.2 ], 
            "to": [ 12.8, 8.0, 12.8 ], 
            "faces": {
                "north": { "texture": "#1", "uv": [ 3.2, 8.0, 4.8, 9.6 ] },
                "east": { "texture": "#1", "uv": [ 3.2, 8.0, 12.8, 9.6 ] },
                "south": { "texture": "#1", "uv": [ 11.2, 8.0, 12.8, 9.6 ] },
                "west": { "texture": "#1", "uv": [ 3.2, 8.0, 12.8, 9.6 ] },
                "up": { "texture": "#1", "uv": [ 11.2, 3.2, 12.8, 12.8 ] },
                "down": { "texture": "#1", "uv": [ 11.2, 3.2, 12.8, 12.8 ] }
            }
        },
        {
            "name": "cube_12",
            "from": [ 3.2, 6.4, 3.2 ], 
            "to": [ 4.8, 8.0, 12.8 ], 
            "faces": {
                "north": { "texture": "#1", "uv": [ 11.2, 8.0, 12.8, 9.6 ] },
                "east": { "texture": "#1", "uv": [ 3.2, 8.0, 12.8, 9.6 ] },
                "south": { "texture": "#1", "uv": [ 3.2, 8.0, 4.8, 9.6 ] },
                "west": { "texture": "#1", "uv": [ 3.2, 8.0, 12.8, 9.6 ] },
                "up": { "texture": "#1", "uv": [ 3.2, 3.2, 4.8, 12.8 ] },
                "down": { "texture": "#1", "uv": [ 3.2, 3.2, 4.8, 12.8 ] }
            }
        },
        {
            "name": "cube_13",
            "from": [ 3.2, 6.4, 3.2 ], 
            "to": [ 12.8, 8.0, 4.8 ], 
            "faces": {
                "north": { "texture": "#1", "uv": [ 3.2, 8.0, 12.8, 9.6 ] },
                "east": { "texture": "#1", "uv": [ 11.2, 8.0, 12.8, 9.6 ] },
                "south": { "texture": "#1", "uv": [ 3.2, 8.0, 12.8, 9.6 ] },
                "west": { "texture": "#1", "uv": [ 3.2, 8.0, 4.8, 9.6 ] },
                "up": { "texture": "#1", "uv": [ 3.2, 3.2, 12.8, 4.8 ] },
                "down": { "texture": "#1", "uv": [ 3.2, 11.2, 12.8, 12.8 ] }
            }
        },
        {
            "name": "cube_14",
            "from": [ 4.8, 9.6, 9.6 ], 
            "to": [ 11.2, 11.2, 11.2 ], 
            "faces": {
                "north": { "texture": "#1", "uv": [ 4.8, 4.8, 11.2, 6.4 ] },
                "east": { "texture": "#1", "uv": [ 4.8, 4.8, 6.4, 6.4 ] },
                "south": { "texture": "#1", "uv": [ 4.8, 4.8, 11.2, 6.4 ] },
                "west": { "texture": "#1", "uv": [ 9.6, 4.8, 11.2, 6.4 ] },
                "up": { "texture": "#1", "uv": [ 4.8, 9.6, 11.2, 11.2 ] },
                "down": { "texture": "#1", "uv": [ 4.8, 4.8, 11.2, 6.4 ] }
            }
        },
        {
            "name": "cube_15",
            "from": [ 9.6, 9.6, 4.8 ], 
            "to": [ 11.2, 11.2, 11.2 ], 
            "faces": {
                "north": { "texture": "#1", "uv": [ 4.8, 4.8, 6.4, 6.4 ] },
                "east": { "texture": "#1", "uv": [ 4.8, 4.8, 11.2, 6.4 ] },
                "south": { "texture": "#1", "uv": [ 9.6, 4.8, 11.2, 6.4 ] },
                "west": { "texture": "#1", "uv": [ 4.8, 4.8, 11.2, 6.4 ] },
                "up": { "texture": "#1", "uv": [ 9.6, 4.8, 11.2, 11.2 ] },
                "down": { "texture": "#1", "uv": [ 9.6, 4.8, 11.2, 11.2 ] }
            }
        },
        {
            "name": "cube_16",
            "from": [ 4.8, 9.6, 4.8 ], 
            "to": [ 6.4, 11.2, 11.2 ], 
            "faces": {
                "north": { "texture": "#1", "uv": [ 9.6, 4.8, 11.2, 6.4 ] },
                "east": { "texture": "#1", "uv": [ 4.8, 4.8, 11.2, 6.4 ] },
                "south": { "texture": "#1", "uv": [ 4.8, 4.8, 6.4, 6.4 ] },
                "west": { "texture": "#1", "uv": [ 4.8, 4.8, 11.2, 6.4 ] },
                "up": { "texture": "#1", "uv": [ 4.8, 4.8, 6.4, 11.2 ] },
                "down": { "texture": "#1", "uv": [ 4.8, 4.8, 6.4, 11.2 ] }
            }
        },
        {
            "name": "cube_17",
            "from": [ 4.8, 9.6, 4.8 ], 
            "to": [ 11.2, 11.2, 6.4 ], 
            "faces": {
                "north": { "texture": "#1", "uv": [ 4.8, 4.8, 11.2, 6.4 ] },
                "east": { "texture": "#1", "uv": [ 9.6, 4.8, 11.2, 6.4 ] },
                "south": { "texture": "#1", "uv": [ 4.8, 4.8, 11.2, 6.4 ] },
                "west": { "texture": "#1", "uv": [ 4.8, 4.8, 6.4, 6.4 ] },
                "up": { "texture": "#1", "uv": [ 4.8, 4.8, 11.2, 6.4 ] },
                "down": { "texture": "#1", "uv": [ 4.8, 9.6, 11.2, 11.2 ] }
            }
        }
    ]
}