{
    "parent": "minecraft:block/block",
    "textures": {
        "particle": "#all"
    },
    "elements": [
        {
            "name": "cube_0",
            "from": [ -0.01, -0.01, -15.99 ], 
            "to": [ 16.01, 16.01, 0.01 ], 
            "faces": {
                "north": { "texture": "#all", "uv": [ 0.0, 0.0, 16.0, 16.0 ] },
                "east": { "texture": "#all", "uv": [ 0.0, 0.0, 16.0, 16.0 ] },
                "south": { "texture": "#all", "uv": [ 0.0, 0.0, 16.0, 16.0 ] },
                "west": { "texture": "#all", "uv": [ 0.0, 0.0, 16.0, 16.0 ] },
                "up": { "texture": "#all", "uv": [ 0.0, 0.0, 16.0, 16.0 ] },
                "down": { "texture": "#all", "uv": [ 0.0, 0.0, 16.0, 16.0 ] }
            }
        }
    ]
}