{
    "__comment": "model generated using mrcrayfish's model creator (http://mrcrayfish.com/modelcreator/)",
    "parent": "minecraft:block/block",
    "textures": {
        "0": "essentialcraft:blocks/magicplatingblock",
        "particle": "essentialcraft:blocks/magicplatingblock"
    },
    "elements": [
        {
            "name": "cube_0",
            "from": [ 0.0, 0.0, 0.0 ], 
            "to": [ 16.0, 3.2, 16.0 ], 
            "faces": {
                "north": { "texture": "#0", "uv": [ 0.0, 0.0, 16.0, 16.0 ], "cullface": "north" },
                "east": { "texture": "#0", "uv": [ 0.0, 0.0, 16.0, 16.0 ], "cullface": "east" },
                "south": { "texture": "#0", "uv": [ 0.0, 0.0, 16.0, 16.0 ], "cullface": "south" },
                "west": { "texture": "#0", "uv": [ 0.0, 0.0, 16.0, 16.0 ], "cullface": "west" },
                "up": { "texture": "#0", "uv": [ 0.0, 0.0, 16.0, 16.0 ] },
                "down": { "texture": "#0", "uv": [ 0.0, 0.0, 16.0, 16.0 ], "cullface": "down" }
            }
        },
        {
            "name": "cube_1",
            "from": [ 3.2, 3.2, 3.2 ], 
            "to": [ 12.8, 16.0, 12.8 ], 
            "faces": {
                "north": { "texture": "#0", "uv": [ 0.0, 0.0, 16.0, 16.0 ] },
                "east": { "texture": "#0", "uv": [ 0.0, 0.0, 16.0, 16.0 ] },
                "south": { "texture": "#0", "uv": [ 0.0, 0.0, 16.0, 16.0 ] },
                "west": { "texture": "#0", "uv": [ 0.0, 0.0, 16.0, 16.0 ] },
                "up": { "texture": "#0", "uv": [ 0.0, 0.0, 16.0, 16.0 ], "cullface": "up" }
            }
        }
    ]
}