{
    "__comment": "model generated using mrcrayfish's model creator (http://mrcrayfish.com/modelcreator/)",
    "parent": "minecraft:block/block",
    "textures": {
        "0": "essentialcraft:blocks/magicplatingblock",
        "particle": "essentialcraft:blocks/magicplatingblock"
    },
    "elements": [
        {
            "name": "cube_0",
            "from": [ 3.2, 0.0, 3.2 ], 
            "to": [ 12.8, 6.4, 12.8 ], 
            "faces": {
                "north": { "texture": "#0", "uv": [ 0.0, 0.0, 16.0, 16.0 ] },
                "east": { "texture": "#0", "uv": [ 0.0, 0.0, 16.0, 16.0 ] },
                "south": { "texture": "#0", "uv": [ 0.0, 0.0, 16.0, 16.0 ] },
                "west": { "texture": "#0", "uv": [ 0.0, 0.0, 16.0, 16.0 ] },
                "up": { "texture": "#0", "uv": [ 0.0, 0.0, 16.0, 16.0 ] },
                "down": { "texture": "#0", "uv": [ 0.0, 0.0, 16.0, 16.0 ], "cullface": "down" }
            }
        },
        {
            "name": "cube_1",
            "from": [ 4.8, 6.4, 4.8 ], 
            "to": [ 11.2, 16.0, 11.2 ], 
            "faces": {
                "north": { "texture": "#0", "uv": [ 0.0, 0.0, 16.0, 16.0 ] },
                "east": { "texture": "#0", "uv": [ 0.0, 0.0, 16.0, 16.0 ] },
                "south": { "texture": "#0", "uv": [ 0.0, 0.0, 16.0, 16.0 ] },
                "west": { "texture": "#0", "uv": [ 0.0, 0.0, 16.0, 16.0 ] },
                "up": { "texture": "#0", "uv": [ 0.0, 0.0, 16.0, 16.0 ], "cullface": "up" }
            }
        },
        {
            "name": "cube_2",
            "from": [ 1.6, 12.8, 1.6 ], 
            "to": [ 14.4, 14.4, 3.2 ], 
            "faces": {
                "north": { "texture": "#0", "uv": [ 1.6, 1.6, 14.4, 3.2 ] },
                "east": { "texture": "#0", "uv": [ 12.8, 1.6, 14.4, 3.2 ] },
                "south": { "texture": "#0", "uv": [ 1.6, 1.6, 14.4, 3.2 ] },
                "west": { "texture": "#0", "uv": [ 1.6, 1.6, 3.2, 3.2 ] },
                "up": { "texture": "#0", "uv": [ 1.6, 1.6, 14.4, 3.2 ] },
                "down": { "texture": "#0", "uv": [ 1.6, 12.8, 14.4, 14.4 ] }
            }
        },
        {
            "name": "cube_3",
            "from": [ 1.6, 12.8, 12.8 ], 
            "to": [ 14.4, 14.4, 14.4 ], 
            "faces": {
                "north": { "texture": "#0", "uv": [ 1.6, 1.6, 14.4, 3.2 ] },
                "east": { "texture": "#0", "uv": [ 1.6, 1.6, 3.2, 3.2 ] },
                "south": { "texture": "#0", "uv": [ 1.6, 1.6, 14.4, 3.2 ] },
                "west": { "texture": "#0", "uv": [ 12.8, 1.6, 14.4, 3.2 ] },
                "up": { "texture": "#0", "uv": [ 1.6, 12.8, 14.4, 14.4 ] },
                "down": { "texture": "#0", "uv": [ 1.6, 1.6, 14.4, 3.2 ] }
            }
        },
        {
            "name": "cube_4",
            "from": [ 1.6, 12.8, 3.2 ], 
            "to": [ 3.2, 14.4, 12.8 ], 
            "faces": {
                "east": { "texture": "#0", "uv": [ 3.2, 1.6, 12.8, 3.2 ] },
                "west": { "texture": "#0", "uv": [ 3.2, 1.6, 12.8, 3.2 ] },
                "up": { "texture": "#0", "uv": [ 1.6, 3.2, 3.2, 12.8 ] },
                "down": { "texture": "#0", "uv": [ 1.6, 3.2, 3.2, 12.8 ] }
            }
        },
        {
            "name": "cube_5",
            "from": [ 12.8, 12.8, 3.2 ], 
            "to": [ 14.4, 14.4, 12.8 ], 
            "faces": {
                "east": { "texture": "#0", "uv": [ 3.2, 1.6, 12.8, 3.2 ] },
                "west": { "texture": "#0", "uv": [ 3.2, 1.6, 12.8, 3.2 ] },
                "up": { "texture": "#0", "uv": [ 12.8, 3.2, 14.4, 12.8 ] },
                "down": { "texture": "#0", "uv": [ 12.8, 3.2, 14.4, 12.8 ] }
            }
        },
        {
            "name": "cube_6",
            "from": [ 1.6, 9.6, 1.6 ], 
            "to": [ 14.4, 11.2, 3.2 ], 
            "faces": {
                "north": { "texture": "#0", "uv": [ 1.6, 4.8, 14.4, 6.4 ] },
                "east": { "texture": "#0", "uv": [ 12.8, 4.8, 14.4, 6.4 ] },
                "south": { "texture": "#0", "uv": [ 1.6, 4.8, 14.4, 6.4 ] },
                "west": { "texture": "#0", "uv": [ 1.6, 4.8, 3.2, 6.4 ] },
                "up": { "texture": "#0", "uv": [ 1.6, 1.6, 14.4, 3.2 ] },
                "down": { "texture": "#0", "uv": [ 1.6, 12.8, 14.4, 14.4 ] }
            }
        },
        {
            "name": "cube_7",
            "from": [ 1.6, 9.6, 12.8 ], 
            "to": [ 14.4, 11.2, 14.4 ], 
            "faces": {
                "north": { "texture": "#0", "uv": [ 1.6, 4.8, 14.4, 6.4 ] },
                "east": { "texture": "#0", "uv": [ 1.6, 4.8, 3.2, 6.4 ] },
                "south": { "texture": "#0", "uv": [ 1.6, 4.8, 14.4, 6.4 ] },
                "west": { "texture": "#0", "uv": [ 12.8, 4.8, 14.4, 6.4 ] },
                "up": { "texture": "#0", "uv": [ 1.6, 12.8, 14.4, 14.4 ] },
                "down": { "texture": "#0", "uv": [ 1.6, 1.6, 14.4, 3.2 ] }
            }
        },
        {
            "name": "cube_8",
            "from": [ 1.6, 9.6, 3.2 ], 
            "to": [ 3.2, 11.2, 12.8 ], 
            "faces": {
                "east": { "texture": "#0", "uv": [ 3.2, 4.8, 12.8, 6.4 ] },
                "west": { "texture": "#0", "uv": [ 3.2, 4.8, 12.8, 6.4 ] },
                "up": { "texture": "#0", "uv": [ 1.6, 3.2, 3.2, 12.8 ] },
                "down": { "texture": "#0", "uv": [ 1.6, 3.2, 3.2, 12.8 ] }
            }
        },
        {
            "name": "cube_9",
            "from": [ 12.8, 9.6, 3.2 ], 
            "to": [ 14.4, 11.2, 12.8 ], 
            "faces": {
                "east": { "texture": "#0", "uv": [ 3.2, 4.8, 12.8, 6.4 ] },
                "west": { "texture": "#0", "uv": [ 3.2, 4.8, 12.8, 6.4 ] },
                "up": { "texture": "#0", "uv": [ 12.8, 3.2, 14.4, 12.8 ] },
                "down": { "texture": "#0", "uv": [ 12.8, 3.2, 14.4, 12.8 ] }
            }
        },
        {
            "name": "cube_10",
            "from": [ 1.6, 6.4, 1.6 ], 
            "to": [ 14.4, 8.0, 3.2 ], 
            "faces": {
                "north": { "texture": "#0", "uv": [ 1.6, 8.0, 14.4, 9.6 ] },
                "east": { "texture": "#0", "uv": [ 12.8, 8.0, 14.4, 9.6 ] },
                "south": { "texture": "#0", "uv": [ 1.6, 8.0, 14.4, 9.6 ] },
                "west": { "texture": "#0", "uv": [ 1.6, 8.0, 3.2, 9.6 ] },
                "up": { "texture": "#0", "uv": [ 1.6, 1.6, 14.4, 3.2 ] },
                "down": { "texture": "#0", "uv": [ 1.6, 12.8, 14.4, 14.4 ] }
            }
        },
        {
            "name": "cube_11",
            "from": [ 1.6, 6.4, 12.8 ], 
            "to": [ 14.4, 8.0, 14.4 ], 
            "faces": {
                "north": { "texture": "#0", "uv": [ 1.6, 8.0, 14.4, 9.6 ] },
                "east": { "texture": "#0", "uv": [ 1.6, 8.0, 3.2, 9.6 ] },
                "south": { "texture": "#0", "uv": [ 1.6, 8.0, 14.4, 9.6 ] },
                "west": { "texture": "#0", "uv": [ 12.8, 8.0, 14.4, 9.6 ] },
                "up": { "texture": "#0", "uv": [ 1.6, 12.8, 14.4, 14.4 ] },
                "down": { "texture": "#0", "uv": [ 1.6, 1.6, 14.4, 3.2 ] }
            }
        },
        {
            "name": "cube_12",
            "from": [ 1.6, 6.4, 3.2 ], 
            "to": [ 3.2, 8.0, 12.8 ], 
            "faces": {
                "east": { "texture": "#0", "uv": [ 3.2, 8.0, 12.8, 9.6 ] },
                "west": { "texture": "#0", "uv": [ 3.2, 8.0, 12.8, 9.6 ] },
                "up": { "texture": "#0", "uv": [ 1.6, 3.2, 3.2, 12.8 ] },
                "down": { "texture": "#0", "uv": [ 1.6, 3.2, 3.2, 12.8 ] }
            }
        },
        {
            "name": "cube_13",
            "from": [ 12.8, 6.4, 3.2 ], 
            "to": [ 14.4, 8.0, 12.8 ], 
            "faces": {
                "east": { "texture": "#0", "uv": [ 3.2, 8.0, 12.8, 9.6 ] },
                "west": { "texture": "#0", "uv": [ 3.2, 8.0, 12.8, 9.6 ] },
                "up": { "texture": "#0", "uv": [ 12.8, 3.2, 14.4, 12.8 ] },
                "down": { "texture": "#0", "uv": [ 12.8, 3.2, 14.4, 12.8 ] }
            }
        }
    ]
}