{
    "__comment": "model generated using mrcrayfish's model creator (http://mrcrayfish.com/modelcreator/)",
    "parent": "minecraft:block/block",
    "textures": {
        "0": "essentialcraft:blocks/fortifiedstone",
        "1": "minecraft:blocks/redstone_torch_on",
        "particle": "essentialcraft:blocks/fortifiedstone"
    },
    "elements": [
        {
            "name": "cube_0",
            "from": [ 3.2, 3.2, 0.0 ],
            "to": [ 12.8, 12.8, 3.2 ],
            "faces": {
                "north": { "texture": "#0", "uv": [ 3.2, 3.2, 12.8, 12.8 ], "cullface": "north" },
                "east": { "texture": "#0", "uv": [ 12.8, 3.2, 16.0, 12.8 ] },
                "south": { "texture": "#0", "uv": [ 3.2, 3.2, 12.8, 12.8 ] },
                "west": { "texture": "#0", "uv": [ 0.0, 3.2, 3.2, 12.8 ] },
                "up": { "texture": "#0", "uv": [ 3.2, 0.0, 12.8, 3.2 ] },
                "down": { "texture": "#0", "uv": [ 3.2, 12.8, 12.8, 16.0 ] }
            }
        },
        {
            "name": "cube_1",
            "from": [ 7.0, 6.0, 3.2 ],
            "to": [ 9.0, 10.0, 10.0 ],
            "shade": false,
            "faces": {
                "east": { "texture": "#1", "uv": [ 6.0, 5.0, 10.0, 11.8 ], "rotation": 270 },
                "west": { "texture": "#1", "uv": [ 6.0, 5.0, 10.0, 11.8 ], "rotation": 90 }
            }
        },
        {
            "name": "cube_2",
            "from": [ 6.0, 7.0, 3.2 ],
            "to": [ 10.0, 9.0, 10.0 ],
            "shade": false,
            "faces": {
                "up": { "texture": "#1", "uv": [ 6.0, 5.0, 10.0, 11.8 ], "rotation": 180 },
                "down": { "texture": "#1", "uv": [ 6.0, 5.0, 10.0, 11.8 ] }
            }
        },
        {
            "name": "cube_3",
            "from": [ 7.0, 7.0, 9.0 ],
            "to": [ 9.0, 9.0, 9.0 ],
            "shade": false,
            "faces": {
                "south": { "texture": "#1", "uv": [ 7.0, 6.0, 9.0, 8.0 ] }
            }
        }
    ]
}