{
    "forge_marker": 1,
    "defaults": {
        "model": "essentialcraft:item"
    },
    "variants": {
        "bottom": {
            "0": {
                "textures": { "layer0": "essentialcraft:items/baubles/bauble_amulet_0" }
            },
            "1": {
                "textures": { "layer0": "essentialcraft:items/baubles/bauble_amulet_1" }
            },
            "2": {
                "textures": { "layer0": "essentialcraft:items/baubles/bauble_amulet_2" }
            },
            "3": {
                "textures": { "layer0": "essentialcraft:items/baubles/bauble_amulet_3" }
            },
            "4": {
                "textures": { "layer0": "essentialcraft:items/baubles/bauble_amulet_4" }
            },
            "5": {
                "textures": { "layer0": "essentialcraft:items/baubles/bauble_amulet_5" }
            }
        },
        "top": {
            "0": {
                "textures": { "layer1": "essentialcraft:items/baubles/bauble_amulet_0_t" }
            },
            "1": {
                "textures": { "layer1": "essentialcraft:items/baubles/bauble_amulet_1_t" }
            },
            "2": {
                "textures": { "layer1": "essentialcraft:items/baubles/bauble_amulet_2_t" }
            },
            "3": {
                "textures": { "layer1": "essentialcraft:items/baubles/bauble_amulet_3_t" }
            },
            "4": {
                "textures": { "layer1": "essentialcraft:items/baubles/bauble_amulet_4_t" }
            },
            "5": {
                "textures": { "layer1": "essentialcraft:items/baubles/bauble_amulet_5_t" }
            }
        }
    }
}