{
    "forge_marker": 1,
    "defaults": {
        "model": "essentialcraft:item"
    },
    "variants": {
        "type": {
            "portablemd": {
                "textures": { "layer0": "essentialcraft:items/baublemodifiers/portablemd" }
            },
            "ringofstability": {
                "textures": { "layer0": "essentialcraft:items/baublemodifiers/ringofstability" }
            },
            "ringofexperience": {
                "textures": { "layer0": "essentialcraft:items/baublemodifiers/ringofexperience" }
            },
            "ringofresistance": {
                "textures": { "layer0": "essentialcraft:items/baublemodifiers/ringofstability" }
            },
            "lifependant": {
                "textures": { "layer0": "essentialcraft:items/baublemodifiers/lifependant" }
            },
            "windcatcher": {
                "textures": { "layer0": "essentialcraft:items/baublemodifiers/windcatcher" }
            },
            "windmagestalisman": {
                "textures": { "layer0": "essentialcraft:items/baublemodifiers/windmagestalisman" }
            },
            "doctorsbelt": {
                "textures": { "layer0": "essentialcraft:items/baublemodifiers/doctorsbelt" }
            },
            "alpharing": {
                "textures": { "layer0": "essentialcraft:items/baublemodifiers/alpharing" }
            },
            "betaring": {
                "textures": { "layer0": "essentialcraft:items/baublemodifiers/betaring" }
            },
            "gammaring": {
                "textures": { "layer0": "essentialcraft:items/baublemodifiers/gammaring" }
            },
            "deltaring": {
                "textures": { "layer0": "essentialcraft:items/baublemodifiers/deltaring" }
            },
            "epsilonbelt": {
                "textures": { "layer0": "essentialcraft:items/baublemodifiers/epsilonbelt" }
            },
            "dzetaamulet": {
                "textures": { "layer0": "essentialcraft:items/baublemodifiers/dzetaamulet" }
            },
            "etaamulet": {
                "textures": { "layer0": "essentialcraft:items/baublemodifiers/etaamulet" }
            },
            "thetabelt": {
                "textures": { "layer0": "essentialcraft:items/baublemodifiers/thetabelt" }
            },
            "iotaring": {
                "textures": { "layer0": "essentialcraft:items/baublemodifiers/iotaring" }
            },
            "kapparing": {
                "textures": { "layer0": "essentialcraft:items/baublemodifiers/kapparing" }
            },
            "lambdaring": {
                "textures": { "layer0": "essentialcraft:items/baublemodifiers/lambdaring" }
            },
            "muring": {
                "textures": { "layer0": "essentialcraft:items/baublemodifiers/muring" }
            },
            "nuamulet": {
                "textures": { "layer0": "essentialcraft:items/baublemodifiers/nuamulet" }
            },
            "xibelt": {
                "textures": { "layer0": "essentialcraft:items/baublemodifiers/xibelt" }
            },
            "omicronamulet": {
                "textures": { "layer0": "essentialcraft:items/baublemodifiers/omicronamulet" }
            },
            "pibelt": {
                "textures": { "layer0": "essentialcraft:items/baublemodifiers/pibelt" }
            },
            "rhoring": {
                "textures": { "layer0": "essentialcraft:items/baublemodifiers/rhoring" }
            },
            "sigmaring": {
                "textures": { "layer0": "essentialcraft:items/baublemodifiers/sigmaring" }
            },
            "tauring": {
                "textures": { "layer0": "essentialcraft:items/baublemodifiers/tauring" }
            },
            "upsilonring": {
                "textures": { "layer0": "essentialcraft:items/baublemodifiers/upsilonring" }
            },
            "phiring": {
                "textures": { "layer0": "essentialcraft:items/baublemodifiers/phiring" }
            },
            "chiring": {
                "textures": { "layer0": "essentialcraft:items/baublemodifiers/chiring" }
            },
            "psiring": {
                "textures": { "layer0": "essentialcraft:items/baublemodifiers/psiring" }
            },
            "omegaring": {
                "textures": { "layer0": "essentialcraft:items/baublemodifiers/omegaring" }
            }
        }
    }
}