{
    "forge_marker": 1,
    "defaults": {
        "model": "essentialcraft:item"
    },
    "variants": {
        "type": {
            "fire": {
                "textures": { "layer0": "essentialcraft:items/tools/charmfire" }
            },
            "water": {
                "textures": { "layer0": "essentialcraft:items/tools/charmwater" }
            },
            "earth": {
                "textures": { "layer0": "essentialcraft:items/tools/charmearth" }
            },
            "air": {
                "textures": { "layer0": "essentialcraft:items/tools/charmair" }
            },
            "steam": {
                "textures": { "layer0": "essentialcraft:items/tools/charmsteam" }
            },
            "magma": {
                "textures": { "layer0": "essentialcraft:items/tools/charmmagma" }
            },
            "lightning": {
                "textures": { "layer0": "essentialcraft:items/tools/charmlightning" }
            },
            "life": {
                "textures": { "layer0": "essentialcraft:items/tools/charmlife" }
            },
            "rain": {
                "textures": { "layer0": "essentialcraft:items/tools/charmrain" }
            },
            "dust": {
                "textures": { "layer0": "essentialcraft:items/tools/charmdust" }
            }
        }
    }
}