{
    "forge_marker": 1,
    "defaults": {
        "model": "essentialcraft:tool"
    },
    "variants": {
        "bottom": {
            "normal": {
                "textures": { "layer0": "essentialcraft:items/tools/elementalsword" }
            },
            "fire": {
                "textures": { "layer0": "essentialcraft:items/modular/pa_fire" }
            },
            "water": {
                "textures": { "layer0": "essentialcraft:items/modular/pa_water" }
            },
            "earth": {
                "textures": { "layer0": "essentialcraft:items/modular/pa_earth" }
            },
            "air": {
                "textures": { "layer0": "essentialcraft:items/modular/pa_air" }
            }
        },
        "top": {
            "normal": {
                "textures": { "layer1": "essentialcraft:items/tools/elementalsword" }
            },
            "fire": {
                "textures": { "layer1": "essentialcraft:items/modular/sa_fire" }
            },
            "water": {
                "textures": { "layer1": "essentialcraft:items/modular/sa_water" }
            },
            "earth": {
                "textures": { "layer1": "essentialcraft:items/modular/sa_earth" }
            },
            "air": {
                "textures": { "layer1": "essentialcraft:items/modular/sa_air" }
            }
        }
    }
}