{
    "forge_marker": 1,
    "defaults": {
        "model": "essentialcraft:item"
    },
    "variants": {
        "type": {
            "fiery": {
                "textures": { "layer0": "essentialcraft:items/elemental/efuel_fiery" }
            },
            "watery": {
                "textures": { "layer0": "essentialcraft:items/elemental/efuel_watery" }
            },
            "earthen": {
                "textures": { "layer0": "essentialcraft:items/elemental/efuel_earthen" }
            },
            "windy": {
                "textures": { "layer0": "essentialcraft:items/elemental/efuel_windy" }
            }
        }
    }
}