{
    "forge_marker": 1,
    "defaults": {
        "model": "essentialcraft:item"
    },
    "variants": {
        "type": {
            "fire": {
                "textures": { "layer0": "essentialcraft:items/elemental/essencefire" }
            },
            "water": {
                "textures": { "layer0": "essentialcraft:items/elemental/essencewater" }
            },
            "earth": {
                "textures": { "layer0": "essentialcraft:items/elemental/essenceearth" }
            },
            "air": {
                "textures": { "layer0": "essentialcraft:items/elemental/essenceair" }
            }
        }
    }
}