{
    "forge_marker": 1,
    "defaults": {
        "model": "essentialcraft:item"
    },
    "variants": {
        "type": {
            "combinedmagicalalloys": {
                "textures": { "layer0": "essentialcraft:items/misc/combinedmagicalalloys" }
            },
            "elementalcore": {
                "textures": { "layer0": "essentialcraft:items/misc/elementalcore" }
            },
            "enderscaleplating": {
                "textures": { "layer0": "essentialcraft:items/misc/enderscaleplating" }
            },
            "magicalessence": {
                "textures": { "layer0": "essentialcraft:items/misc/magicalessence" }
            },
            "magicalgoldenorb": {
                "textures": { "layer0": "essentialcraft:items/misc/magicalgoldenorb" }
            },
            "magicalingot": {
                "textures": { "layer0": "essentialcraft:items/misc/magicalingot" }
            },
            "magicalwater": {
                "textures": { "layer0": "essentialcraft:items/misc/magicalwater" }
            },
            "magicfortifiedplating": {
                "textures": { "layer0": "essentialcraft:items/misc/magicfortifiedplating" }
            },
            "magicpurifyedenderscalealloy": {
                "textures": { "layer0": "essentialcraft:items/misc/magicpurifyedenderscalealloy" }
            },
            "magicpurifyedglassalloy": {
                "textures": { "layer0": "essentialcraft:items/misc/magicpurifyedglassalloy" }
            },
            "magicpurifyedgoldalloy": {
                "textures": { "layer0": "essentialcraft:items/misc/magicpurifyedgoldalloy" }
            },
            "magicpurifyedredstonealloy": {
                "textures": { "layer0": "essentialcraft:items/misc/magicpurifyedredstonealloy" }
            },
            "mrushard": {
                "textures": { "layer0": "essentialcraft:items/misc/mrushard" }
            },
            "mrucrystal": {
                "textures": { "layer0": "essentialcraft:items/misc/mrucrystal" }
            },
            "mrugem": {
                "textures": { "layer0": "essentialcraft:items/misc/mrugem" }
            },
            "mruchunk": {
                "textures": { "layer0": "essentialcraft:items/misc/mruchunk" }
            },
            "mrulargechunk": {
                "textures": { "layer0": "essentialcraft:items/misc/mrulargechunk" }
            },
            "inventoryupgrade": {
                "textures": { "layer0": "essentialcraft:items/misc/inventoryupgrade" }
            },
            "efficencyupgrade": {
                "textures": { "layer0": "essentialcraft:items/misc/efficencyupgrade" }
            },
            "diamondupgrade": {
                "textures": { "layer0": "essentialcraft:items/misc/diamondupgrade" }
            },
            "crystaldust": {
                "textures": { "layer0": "essentialcraft:items/misc/crystaldust" }
            },
            "diamondplate": {
                "textures": { "layer0": "essentialcraft:items/misc/diamondplate" }
            },
            "emeraldplate": {
                "textures": { "layer0": "essentialcraft:items/misc/emeraldplate" }
            },
            "eyeofabsorbtion": {
                "textures": { "layer0": "essentialcraft:items/misc/eyeofabsorbtion" }
            },
            "fortifiedframe": {
                "textures": { "layer0": "essentialcraft:items/misc/fortifiedframe" }
            },
            "heatingrod": {
                "textures": { "layer0": "essentialcraft:items/misc/heatingrod" }
            },
            "ironsupport": {
                "textures": { "layer0": "essentialcraft:items/misc/ironsupport" }
            },
            "magicalscreen": {
                "textures": { "layer0": "essentialcraft:items/misc/magicalscreen" }
            },
            "matrixlink": {
                "textures": { "layer0": "essentialcraft:items/misc/matrixlink" }
            },
            "mrucatcher": {
                "textures": { "layer0": "essentialcraft:items/misc/mrucatcher" }
            },
            "mruconversionmatrix": {
                "textures": { "layer0": "essentialcraft:items/misc/mruconversionmatrix" }
            },
            "obsidianplate": {
                "textures": { "layer0": "essentialcraft:items/misc/obsidianplate" }
            },
            "sunimbuedglass": {
                "textures": { "layer0": "essentialcraft:items/misc/sunimbuedglass" }
            },
            "worldinteractor": {
                "textures": { "layer0": "essentialcraft:items/misc/worldinteractor" }
            },
            "magicplate": {
                "textures": { "layer0": "essentialcraft:items/misc/magicplate" }
            },
            "voidplating": {
                "textures": { "layer0": "essentialcraft:items/misc/voidplating" }
            },
            "voidcore": {
                "textures": { "layer0": "essentialcraft:items/misc/voidcore" }
            },
            "voidmrureactor": {
                "textures": { "layer0": "essentialcraft:items/misc/voidmrureactor" }
            },
            "palepearl": {
                "textures": { "layer0": "essentialcraft:items/misc/palepearl" }
            },
            "paleingot": {
                "textures": { "layer0": "essentialcraft:items/misc/paleingot" }
            },
            "gempale": {
                "textures": { "layer0": "essentialcraft:items/misc/gempale" }
            },
            "paleplate": {
                "textures": { "layer0": "essentialcraft:items/misc/paleplate" }
            },
            "palecore": {
                "textures": { "layer0": "essentialcraft:items/misc/palecore" }
            },
            "mrumagnet": {
                "textures": { "layer0": "essentialcraft:items/misc/mrumagnet" }
            },
            "mruresonatingcrystal": {
                "textures": { "layer0": "essentialcraft:items/misc/mruresonatingcrystal" }
            },
            "lapiscore": {
                "textures": { "layer0": "essentialcraft:items/misc/lapiscore" }
            },
            "fadingdust": {
                "textures": { "layer0": "essentialcraft:items/misc/fadingdust" }
            },
            "fadingcrystal": {
                "textures": { "layer0": "essentialcraft:items/misc/fadingcrystal" }
            },
            "mithrilinecrystal": {
                "textures": { "layer0": "essentialcraft:items/misc/mithrilinecrystal" }
            },
            "mithrilineplate": {
                "textures": { "layer0": "essentialcraft:items/misc/mithrilineplate" }
            },
            "mithrilineingot": {
                "textures": { "layer0": "essentialcraft:items/misc/mithrilineingot" }
            },
            "mithrilinedust": {
                "textures": { "layer0": "essentialcraft:items/misc/mithrilinedust" }
            },
            "ackroniteingot": {
                "textures": { "layer0": "essentialcraft:items/misc/ackroniteingot" }
            },
            "demoniccore": {
                "textures": { "layer0": "essentialcraft:items/misc/demoniccore" }
            },
            "demonicplate": {
                "textures": { "layer0": "essentialcraft:items/misc/demonicplate" }
            },
            "windgem": {
                "textures": { "layer0": "essentialcraft:items/misc/windgem" }
            },
            "computerengine": {
                "textures": { "layer0": "essentialcraft:items/misc/computerengine" }
            },
            "forcefieldgenerator": {
                "textures": { "layer0": "essentialcraft:items/misc/forcefieldgenerator" }
            },
            "forcefieldplating": {
                "textures": { "layer0": "essentialcraft:items/misc/forcefieldplating" }
            },
            "neuronicenrichedplating": {
                "textures": { "layer0": "essentialcraft:items/misc/neuronicenrichedplating" }
            },
            "pressurestabiliser": {
                "textures": { "layer0": "essentialcraft:items/misc/pressurestabiliser" }
            },
            "repulsiongenerator": {
                "textures": { "layer0": "essentialcraft:items/misc/repulsiongenerator" }
            },
            "thrusterengine": {
                "textures": { "layer0": "essentialcraft:items/misc/thrusterengine" }
            },
            "visionlense": {
                "textures": { "layer0": "essentialcraft:items/misc/visionlense" }
            },
            "speakerplate": {
                "textures": { "layer0": "essentialcraft:items/misc/speakerplate" }
            },
            "forcefieldcore": {
                "textures": { "layer0": "essentialcraft:items/misc/forcefieldcore" }
            },
            "particlecatcher": {
                "textures": { "layer0": "essentialcraft:items/misc/particlecatcher" }
            },
            "particleemitter": {
                "textures": { "layer0": "essentialcraft:items/misc/particleemitter" }
            },
            "forceemitter": {
                "textures": { "layer0": "essentialcraft:items/misc/forceemitter" }
            },
            "logiccore": {
                "textures": { "layer0": "essentialcraft:items/misc/logiccore" }
            },
            "additioncore": {
                "textures": { "layer0": "essentialcraft:items/misc/additioncore" }
            },
            "divisioncore": {
                "textures": { "layer0": "essentialcraft:items/misc/divisioncore" }
            },
            "multiplicationcore": {
                "textures": { "layer0": "essentialcraft:items/misc/multiplicationcore" }
            },
            "substructioncore": {
                "textures": { "layer0": "essentialcraft:items/misc/substructioncore" }
            },
            "forceabsorber": {
                "textures": { "layer0": "essentialcraft:items/misc/forceabsorber" }
            },
            "soundmanager": {
                "textures": { "layer0": "essentialcraft:items/misc/soundmanager" }
            },
            "glitchycore": {
                "textures": { "layer0": "essentialcraft:items/misc/glitchycore" }
            },
            "blazingupgrade": {
                "textures": { "layer0": "essentialcraft:items/misc/blazingupgrade" }
            },
            "fortuneupgrade": {
                "textures": { "layer0": "essentialcraft:items/misc/fortuneupgrade" }
            },
            "magicpurifyedblazealloy": {
                "textures": { "layer0": "essentialcraft:items/misc/magicpurifyedblazealloy" }
            },
            "silkyupgrade": {
                "textures": { "layer0": "essentialcraft:items/misc/silkyupgrade" }
            },
            "voidupgrade": {
                "textures": { "layer0": "essentialcraft:items/misc/voidupgrade" }
            }
        }
    }
}