{
    "forge_marker": 1,
    "defaults": {
        "model": "essentialcraft:item"
    },
    "variants": {
        "type": {
            "whitelist": {
                "textures": { "layer0": "essentialcraft:items/itemfilter" }
            },
            "whitelist_advanced": {
                "textures": { "layer0": "essentialcraft:items/itemfilteradvanced" }
            },
            "blacklist": {
                "textures": { "layer0": "essentialcraft:items/itemfilterb" }
            },
            "blacklist_advanced": {
                "textures": { "layer0": "essentialcraft:items/itemfilteradvancedb" }
            }
        }
    }
}