{
    "forge_marker": 1,
    "defaults": {
        "model": "essentialcraft:item"
    },
    "variants": {
        "type": {
            "empty": {
                "textures": { "layer0": "essentialcraft:items/matrix/mrumatrix_empty" }
            },
            "chaos": {
                "textures": { "layer0": "essentialcraft:items/matrix/mrumatrix_chaos" }
            },
            "frozen": {
                "textures": { "layer0": "essentialcraft:items/matrix/mrumatrix_frozen" }
            },
            "magic": {
                "textures": { "layer0": "essentialcraft:items/matrix/mrumatrix_magic" }
            },
            "shade": {
                "textures": { "layer0": "essentialcraft:items/matrix/mrumatrix_shade" }
            }
        }
    }
}