{
    "forge_marker": 1,
    "defaults": {
        "model": "essentialcraft:item"
    },
    "variants": {
        "type": {
            "410_ticket": {
                "textures": { "layer0": "essentialcraft:items/secrets/410_ticket" }
            },
            "d6": {
                "textures": { "layer0": "essentialcraft:items/secrets/d6" }
            },
            "ironwood_branch": {
                "textures": { "layer0": "essentialcraft:items/secrets/ironwood_branch" }
            },
            "mysterious_stick": {
                "textures": { "layer0": "essentialcraft:items/secrets/mysterious_stick" }
            },
            "smoothandsilkystone": {
                "textures": { "layer0": "essentialcraft:items/secrets/smoothandsilkystone" }
            },
            "strange_figure": {
                "textures": { "layer0": "essentialcraft:items/secrets/strange_figure" }
            },
            "strange_symbol": {
                "textures": { "layer0": "essentialcraft:items/secrets/strange_symbol" }
            }
        }
    }
}