{
    "forge_marker": 1,
    "defaults": {
        "model": "essentialcraft:item"
    },
    "variants": {
        "type": {
            "soulshard": {
                "textures": { "layer0": "essentialcraft:items/storages/soulshard" }
            },
            "soulsphere": {
                "textures": { "layer0": "essentialcraft:items/storages/soulsphere" }
            },
            "darksoulmatter": {
                "textures": { "layer0": "essentialcraft:items/storages/darksoulmatter" }
            },
            "redsoulmatter": {
                "textures": { "layer0": "essentialcraft:items/storages/redsoulmatter" }
            },
            "matterofeternity": {
                "textures": { "layer0": "essentialcraft:items/storages/eternitymatter" }
            }
        }
    }
}