{
    "forge_marker": 1,
    "defaults": {
        "model": "minecraft:cube_all",
        "textures": { "all": "essentialcraft:blocks/fancyblocks/coldstone" }
    },
    "variants": {
        "type": {
            "ancient_tile": {
                "submodel": {
                    "overlay": {
                        "model": "essentialcraft:overlay",
                        "textures": { "out": "essentialcraft:blocks/fancyblocks/overlay/overlay_ancienttile" }
                    }
                }
            },
            "big_tile": {
                "submodel": {
                    "overlay": {
                        "model": "essentialcraft:overlay",
                        "textures": { "out": "essentialcraft:blocks/fancyblocks/overlay/overlay_bigtile" }
                    }
                }
            },
            "brick": {
                "submodel": {
                    "overlay": {
                        "model": "essentialcraft:overlay",
                        "textures": { "out": "essentialcraft:blocks/fancyblocks/overlay/overlay_brick" }
                    }
                }
            },
            "fancy_tile": {
                "submodel": {
                    "overlay": {
                        "model": "essentialcraft:overlay",
                        "textures": { "out": "essentialcraft:blocks/fancyblocks/overlay/overlay_fancytile" }
                    }
                }
            },
            "pressured_tile": {
                "submodel": {
                    "overlay": {
                        "model": "essentialcraft:overlay",
                        "textures": { "out": "essentialcraft:blocks/fancyblocks/overlay/overlay_pressuredtile" }
                    }
                }
            },
            "small_tiles": {
                "submodel": {
                    "overlay": {
                        "model": "essentialcraft:overlay",
                        "textures": { "out": "essentialcraft:blocks/fancyblocks/overlay/overlay_smalltiles" }
                    }
                }
            },
            "temple": {
                "submodel": {
                    "overlay": {
                        "model": "essentialcraft:overlay",
                        "textures": { "out": "essentialcraft:blocks/fancyblocks/overlay/overlay_temple" }
                    }
                }
            },
            "tiles": {
                "submodel": {
                    "overlay": {
                        "model": "essentialcraft:overlay",
                        "textures": { "out": "essentialcraft:blocks/fancyblocks/overlay/overlay_tiles" }
                    }
                }
            },
            "futuristic_tile": {
                "submodel": {
                    "overlay": {
                        "model": "essentialcraft:overlay",
                        "textures": { "out": "essentialcraft:blocks/fancyblocks/overlay/overlay_futuristictile" }
                    }
                }
            },
            "machine": {
                "submodel": {
                    "overlay": {
                        "model": "essentialcraft:overlay",
                        "textures": { "out": "essentialcraft:blocks/fancyblocks/overlay/overlay_machine" }
                    }
                }
            },
            "runic": {
                "submodel": {
                    "overlay": {
                        "model": "essentialcraft:overlay",
                        "textures": { "out": "essentialcraft:blocks/fancyblocks/overlay/overlay_runic" }
                    }
                }
            },
            "nether_star": {
                "submodel": {
                    "overlay": {
                        "model": "essentialcraft:overlay",
                        "textures": { "out": "essentialcraft:blocks/fancyblocks/overlay/overlay_netherstar" }
                    }
                }
            },
            "plate": {
                "submodel": {
                    "overlay": {
                        "model": "essentialcraft:overlay",
                        "textures": { "out": "essentialcraft:blocks/fancyblocks/overlay/overlay_plate" }
                    }
                }
            },
            "packed_plate": {
                "submodel": {
                    "overlay": {
                        "model": "essentialcraft:overlay",
                        "textures": { "out": "essentialcraft:blocks/fancyblocks/overlay/overlay_packedplate" }
                    }
                }
            },
            "double_plate": {
                "submodel": {
                    "overlay": {
                        "model": "essentialcraft:overlay",
                        "textures": { "out": "essentialcraft:blocks/fancyblocks/overlay/overlay_doubleplate" }
                    }
                }
            },
            "gem": {
                "submodel": {
                    "overlay": {
                        "model": "essentialcraft:overlay",
                        "textures": { "out": "essentialcraft:blocks/fancyblocks/overlay/overlay_gem" }
                    }
                }
            }
        }
    }
}