{
    "forge_marker": 1,
    "defaults": {
        "model": "essentialcraft:overlay"
    },
    "variants": {
        "type": {
            "ancient_tile": {
                "textures": { "out": "essentialcraft:blocks/fancyblocks/overlay/overlay_ancienttile" }
            },
            "big_tile": {
                "textures": { "out": "essentialcraft:blocks/fancyblocks/overlay/overlay_bigtile" }
            },
            "brick": {
                "textures": { "out": "essentialcraft:blocks/fancyblocks/overlay/overlay_brick" }
            },
            "fancy_tile": {
                "textures": { "out": "essentialcraft:blocks/fancyblocks/overlay/overlay_fancytile" }
            },
            "pressured_tile": {
                "textures": { "out": "essentialcraft:blocks/fancyblocks/overlay/overlay_pressuredtile" }
            },
            "small_tiles": {
                "textures": { "out": "essentialcraft:blocks/fancyblocks/overlay/overlay_smalltiles" }
            },
            "temple": {
                "textures": { "out": "essentialcraft:blocks/fancyblocks/overlay/overlay_temple" }
            },
            "tiles": {
                "textures": { "out": "essentialcraft:blocks/fancyblocks/overlay/overlay_tiles" }
            },
            "futuristic_tile": {
                "textures": { "out": "essentialcraft:blocks/fancyblocks/overlay/overlay_futuristictile" }
            },
            "machine": {
                "textures": { "out": "essentialcraft:blocks/fancyblocks/overlay/overlay_machine" }
            },
            "runic": {
                "textures": { "out": "essentialcraft:blocks/fancyblocks/overlay/overlay_runic" }
            },
            "nether_star": {
                "textures": { "out": "essentialcraft:blocks/fancyblocks/overlay/overlay_netherstar" }
            },
            "plate": {
                "textures": { "out": "essentialcraft:blocks/fancyblocks/overlay/overlay_plate" }
            },
            "packed_plate": {
                "textures": { "out": "essentialcraft:blocks/fancyblocks/overlay/overlay_packedplate" }
            },
            "double_plate": {
                "textures": { "out": "essentialcraft:blocks/fancyblocks/overlay/overlay_doubleplate" }
            },
            "gem": {
                "textures": { "out": "essentialcraft:blocks/fancyblocks/overlay/overlay_gem" }
            }
        }
    }
}