{
    "pools": [
        {
            "name": "main",
            "rolls": {
                "min": 1,
                "max": 3
            },
            "entries": [
                {
                    "type": "item",
                    "name": "essentialcraft:baublescore",
                    "functions": [
                        {
                            "function": "set_data",
                            "data": {
                                "min": 0,
                                "max": 31
                            }
                        }
                    ],
                    "weight": 3
                },
                {
                    "type": "empty",
                    "weight": 1
                }
            ]
        }
    ]
}